# Blender 5.2.0 LTS
# www.blender.org
mtllib table_tts_north.mtl
o defaultMaterial_1
v 0.472096 0.531838 0.924683
v 0.484805 0.538608 0.924682
v 0.170999 0.531838 0.924683
v 0.500446 0.540374 0.924683
v 0.463787 0.594830 0.924683
v 0.500446 0.587177 0.924682
v 0.500446 0.594830 0.198742
v 0.483827 0.582467 0.387311
v 0.500446 0.576286 0.379494
v 0.500446 0.582173 0.539729
v 0.484316 0.582467 0.540706
v 0.500446 0.594830 0.659905
v 0.097191 0.176842 0.688239
v 0.114788 0.170955 0.688239
v 0.097191 0.176842 0.596397
v 0.114788 0.170955 0.596397
v 0.132384 0.156531 0.688239
v 0.132384 0.156531 0.596397
v 0.139716 0.142108 0.688239
v 0.139716 0.142108 0.596397
v 0.139716 0.107079 0.688239
v 0.139716 0.107079 0.596397
v 0.159757 0.077349 0.688239
v 0.159757 0.077349 0.595420
v 0.198860 0.059393 0.688239
v 0.198860 0.059393 0.596397
v 0.287821 0.059393 0.644272
v 0.277067 0.059393 0.688239
v -0.159426 0.515942 -0.270237
v -0.159426 0.521829 -0.670824
v 0.170021 0.515942 -0.270237
v 0.170021 0.521829 -0.670824
v -0.159426 0.531837 -1.070433
v 0.170021 0.531837 -1.070433
v 0.503379 0.579523 -0.917038
v 0.503379 0.602483 -0.917038
v 0.503379 0.579524 -0.822265
v 0.503379 0.602483 -0.822265
v 0.287821 0.533309 0.688239
v 0.287821 0.473849 0.688239
v 0.287821 0.533309 0.596397
v 0.287821 0.473849 0.596397
v 0.198860 0.473849 0.688239
v 0.198860 0.473849 0.596397
v 0.159757 0.455893 0.688239
v 0.159757 0.455893 0.596397
v 0.139716 0.426163 0.688239
v 0.139716 0.426163 0.596397
v 0.139716 0.390840 0.688239
v 0.139716 0.390840 0.596397
v 0.132384 0.376711 0.688239
v 0.132384 0.376711 0.596397
v 0.114788 0.362287 0.688239
v 0.114788 0.362287 0.596397
v 0.097191 0.356400 0.688239
v 0.097191 0.356400 0.596397
v -0.008877 0.578935 0.092244
v -0.012788 0.570987 -0.036725
v -0.022075 0.578935 -0.039656
v -0.020608 0.578935 -0.152993
v -0.011810 0.570987 -0.150061
v -0.003500 0.578935 -0.233110
v -0.497182 0.602483 -0.917038
v -0.497182 0.579523 -0.917038
v -0.497182 0.602483 -0.822265
v -0.497182 0.579524 -0.822265
v -0.110058 0.574814 -0.917038
v -0.110058 0.574814 -0.822265
v 0.120164 0.574814 -0.917038
v 0.120164 0.574814 -0.822265
v -0.159426 0.531837 0.924683
v -0.159426 0.521829 0.529958
v 0.170021 0.531837 0.924683
v 0.170021 0.521829 0.529958
v -0.159426 0.519180 0.347252
v -0.159426 0.518003 0.272997
v -0.159426 0.515942 0.129372
v -0.110058 0.597479 -0.822265
v -0.110058 0.597479 -0.917038
v 0.120164 0.597479 -0.822265
v 0.120164 0.597479 -0.917038
v 0.097191 0.349041 0.688239
v 0.097191 0.335795 0.596397
v 0.097191 0.335795 0.685308
v 0.088882 0.317545 0.683354
v 0.084971 0.308420 0.596397
v 0.084971 0.308420 0.688239
v 0.061020 0.284577 0.688239
v 0.061020 0.284577 0.596397
v 0.061020 0.248665 0.688239
v 0.061020 0.248665 0.596397
v 0.084971 0.224822 0.688239
v 0.084971 0.224822 0.596397
v 0.097191 0.197152 0.688239
v 0.097191 0.197152 0.596397
v -0.057268 0.284577 0.596397
v -0.057268 0.248665 0.596397
v -0.284068 0.533309 -0.829104
v -0.284068 0.473849 -0.829104
v -0.284068 0.533309 -0.737262
v -0.284068 0.473849 -0.737262
v -0.090995 0.202157 0.688239
v -0.093439 0.197152 0.688239
v -0.068021 0.202157 0.688239
v -0.093439 0.176842 0.688239
v -0.128632 0.156531 0.688239
v -0.135964 0.142108 0.688239
v -0.135964 0.107079 0.688239
v -0.156004 0.077349 0.688239
v 0.198860 -0.000067 0.688239
v -0.195108 -0.000067 0.688239
v -0.195108 0.059393 0.688239
v -0.284068 -0.000067 0.688239
v -0.284068 0.059393 0.688239
v 0.484805 0.594830 0.541683
v 0.483338 0.594830 0.394150
v 0.503379 0.579524 0.689216
v 0.503379 0.602483 0.689216
v 0.503379 0.579524 0.783012
v 0.503379 0.602483 0.783012
v -0.396002 0.531837 0.924683
v -0.390137 0.531838 0.818185
v -0.162847 0.531837 0.924683
v -0.162847 0.531838 0.146959
v -0.162847 0.531837 -0.728469
v -0.162847 0.531837 -1.063594
v -0.492294 0.531837 0.924683
v -0.492294 0.531838 -0.475416
v -0.492294 0.531838 -0.614155
v -0.492294 0.531837 -0.706974
v -0.492294 0.531837 -1.063594
v 0.500446 0.531837 0.875831
v 0.500446 0.531838 0.538752
v 0.500446 0.531838 0.379494
v 0.500446 0.531838 -0.998132
v 0.500446 0.531837 -1.070433
v 0.170999 0.531838 -0.116842
v 0.170999 0.531837 -1.070433
v -0.497182 0.579524 0.783012
v -0.497182 0.602483 0.783012
v -0.497182 0.579524 0.689216
v -0.497182 0.602483 0.689216
v -0.093439 0.356400 0.688239
v -0.093439 0.335795 0.688239
v 0.085460 0.320194 0.688239
v -0.081219 0.308420 0.688239
v -0.057268 0.284577 0.688239
v -0.057268 0.248665 0.688239
v -0.081219 0.224822 0.688239
v 0.120164 0.574814 0.783012
v 0.120164 0.574814 0.689216
v -0.110058 0.574814 0.783012
v -0.110058 0.574814 0.689216
v 0.083994 0.320194 0.684331
v 0.090837 0.336678 0.684331
v 0.090348 0.334912 0.688239
v -0.135964 0.107079 0.596397
v -0.142807 0.097071 0.596397
v -0.071932 0.089123 0.595420
v -0.156004 0.077349 0.596397
v -0.148184 0.089417 0.596397
v -0.195108 -0.000067 0.596397
v 0.198860 -0.000067 0.596397
v -0.195108 0.059393 0.596397
v -0.284068 -0.000067 0.596397
v -0.284068 0.059393 0.596397
v 0.120164 0.597479 0.783012
v -0.110058 0.597479 0.783012
v -0.134008 0.091772 0.608122
v -0.146228 0.091772 0.612030
v -0.110058 0.597479 0.689216
v 0.120164 0.597479 0.689216
v 0.014585 0.278984 0.709734
v 0.014585 0.254258 0.709734
v 0.037558 0.278984 0.709734
v 0.037558 0.254258 0.709734
v 0.048312 0.278984 0.700940
v 0.048312 0.254258 0.700940
v 0.048312 0.254258 0.684331
v 0.014585 0.254258 0.684331
v 0.170021 0.594830 0.924683
v 0.170021 0.584822 0.529958
v -0.159426 0.594830 0.924683
v -0.159426 0.584822 0.529958
v -0.159426 0.583350 0.420530
v -0.147206 0.581878 0.337481
v 0.170021 0.578935 0.129372
v -0.146228 0.580995 0.266158
v -0.007411 0.578935 0.129372
v -0.159426 0.578935 0.129372
v -0.159426 0.578935 -0.270237
v -0.003012 0.578935 -0.033794
v 0.170021 0.578935 -0.270237
v -0.003012 0.578935 -0.148107
v -0.004478 0.578935 -0.270237
v 0.170021 0.584822 -0.670824
v -0.159426 0.584822 -0.670824
v -0.030384 0.591887 -0.953188
v -0.043582 0.594830 -1.070433
v -0.159426 0.594536 -1.056755
v -0.084640 0.594830 -1.070433
v 0.170021 0.594830 -1.070433
v -0.027451 0.594830 -1.070433
v 0.287821 0.473849 -0.829104
v 0.198860 0.473849 -0.829104
v 0.287821 0.533309 -0.829104
v 0.198860 0.533309 -0.829104
v 0.159757 0.455893 -0.829104
v -0.156004 0.455893 -0.829104
v -0.195108 0.533309 -0.829104
v -0.195108 0.473849 -0.829104
v 0.139716 0.426163 -0.829104
v -0.135964 0.426163 -0.829104
v -0.135964 0.390840 -0.829104
v 0.139716 0.390840 -0.829104
v 0.097191 0.356400 -0.829104
v -0.093439 0.356400 -0.829104
v -0.081708 0.320194 -0.829104
v -0.086595 0.334912 -0.829104
v 0.097191 0.335795 -0.829104
v -0.081219 0.308420 -0.829104
v 0.084971 0.308420 -0.829104
v 0.061020 0.284577 -0.829104
v -0.057268 0.284577 -0.829104
v 0.061020 0.248665 -0.829104
v -0.057268 0.248665 -0.829104
v 0.084971 0.224822 -0.829104
v -0.081219 0.224822 -0.829104
v 0.170999 0.594830 -0.242880
v 0.234542 0.594830 -0.400184
v 0.170999 0.594830 -1.018650
v 0.500446 0.594830 -1.008880
v 0.248228 0.594830 -1.070433
v 0.500446 0.594830 -1.070433
v 0.170999 0.594830 -0.150061
v 0.170999 0.594830 0.367770
v 0.170999 0.594830 0.556339
v 0.500446 0.594830 0.911004
v 0.170999 0.594830 0.924683
v -0.492294 0.594830 0.924683
v -0.492294 0.594830 0.610076
v -0.492294 0.579818 -0.477370
v -0.492294 0.594830 0.448864
v -0.492294 0.594830 0.290584
v -0.492294 0.594830 0.143051
v -0.492294 0.594830 -0.024023
v -0.492294 0.594830 -0.347424
v 0.019962 0.293113 0.735137
v 0.019962 0.286637 0.737091
v 0.019962 0.299000 0.729275
v 0.019962 0.231592 0.722435
v 0.019962 0.301650 0.722435
v 0.019962 0.231592 -0.863301
v 0.019962 0.301650 -0.863301
v 0.019962 0.299000 -0.870140
v 0.019962 0.286637 -0.877956
v 0.019962 0.240129 -0.876002
v 0.019962 0.246310 -0.877956
v -0.492294 0.578640 -0.617087
v -0.492294 0.579818 -0.706974
v -0.492294 0.594830 -0.797839
v -0.492294 0.594830 -1.063594
v 0.019962 0.246310 0.737091
v 0.019962 0.240129 0.735137
v -0.162847 0.580995 0.924683
v -0.191197 0.583350 0.924682
v -0.232745 0.594830 0.924683
v -0.398446 0.548027 0.924683
v -0.016209 0.286637 0.737091
v -0.016209 0.293113 0.735137
v -0.016209 0.246310 0.737091
v -0.016209 0.301650 0.722435
v -0.016209 0.234242 0.729275
v -0.016209 0.231592 0.722435
v -0.016209 0.231592 -0.863301
v -0.016209 0.301650 -0.863301
v -0.016209 0.234242 -0.870140
v -0.016209 0.246310 -0.877956
v -0.016209 0.240129 -0.876002
v -0.016209 0.293113 -0.876002
v -0.016209 0.286637 -0.877956
v -0.394047 0.594830 -1.063594
v -0.384760 0.594830 -1.038191
v -0.162847 0.594830 -1.063594
v -0.474698 0.594830 -0.705020
v -0.162847 0.594830 -0.705020
v -0.471765 0.594830 -0.610247
v -0.467366 0.594830 -0.478347
v -0.226391 0.594830 -0.541855
v -0.291889 0.594830 -0.027931
v -0.346634 0.594830 0.128395
v -0.366674 0.594830 0.206558
v -0.374495 0.594830 0.284721
v -0.367163 0.594830 0.469382
v -0.357387 0.594830 0.604213
v -0.162847 0.594830 0.867037
v -0.188753 0.594830 0.906119
v -0.175556 0.594830 0.890486
v -0.162847 0.594830 0.592489
v -0.162847 0.594830 0.469382
v -0.345656 0.594830 0.474267
v -0.345656 0.594830 0.290584
v -0.162847 0.594830 0.257364
v -0.345167 0.594830 0.210466
v -0.332459 0.594830 0.131326
v -0.162847 0.594830 0.108854
v -0.162847 0.594830 -0.026954
v 0.019962 0.234242 -0.870140
v 0.019962 0.293113 -0.876002
v -0.016209 0.299000 -0.870140
v -0.016209 0.299000 0.729275
v -0.016209 0.240129 0.735137
v 0.019962 0.234242 0.729275
v 0.170021 0.515942 0.129372
v 0.500446 0.548616 -1.070433
v 0.500446 0.559507 -1.011811
v 0.182241 0.587766 -0.223339
v 0.170999 0.564511 -0.114888
v 0.287821 0.050857 0.688239
v 0.287821 0.059393 0.596397
v 0.287821 -0.000067 0.688239
v 0.287821 -0.000067 0.596397
v 0.463787 0.554209 -1.070433
v 0.500446 0.560685 -1.070433
v 0.491648 0.554209 -1.058709
v -0.477142 0.583645 -0.478347
v -0.478608 0.583056 -0.613178
v -0.479586 0.583645 -0.705997
v -0.159426 0.570398 0.349206
v -0.159426 0.566572 0.271043
v -0.159426 0.579818 0.191903
v -0.159426 0.581584 -1.070433
v -0.111035 0.362287 -0.829104
v -0.128632 0.376711 -0.829104
v 0.014585 0.254258 -0.850599
v 0.037558 0.254258 -0.850599
v 0.014585 0.254258 -0.825196
v 0.048312 0.254258 -0.825196
v 0.075684 0.089123 -0.736285
v 0.151936 0.089417 -0.737262
v 0.137761 0.091772 -0.748987
v 0.149981 0.091772 -0.752895
v 0.014585 0.278984 -0.825196
v 0.048312 0.278984 -0.825196
v 0.014585 0.278984 -0.850599
v 0.048312 0.278984 -0.841806
v 0.037558 0.278984 -0.850599
v 0.132384 0.376711 -0.829104
v 0.114788 0.362287 -0.829104
v 0.114788 0.170955 -0.829104
v 0.132384 0.156531 -0.829104
v 0.097191 0.176842 -0.829104
v -0.135964 0.142108 -0.829104
v 0.114788 0.170955 -0.737262
v 0.097191 0.176842 -0.737262
v 0.132384 0.156531 -0.737262
v -0.135964 0.142108 -0.737262
v -0.111035 0.170955 -0.737262
v -0.128632 0.156531 -0.737262
v -0.093439 0.176842 -0.737262
v -0.111035 0.170955 -0.829104
v -0.093439 0.176842 -0.829104
v -0.128632 0.156531 -0.829104
v -0.093439 0.197152 -0.829104
v 0.097191 0.197152 -0.829104
v 0.048312 0.254258 -0.841806
v 0.287821 0.059393 -0.829104
v 0.287821 -0.000067 -0.829104
v 0.198860 0.059393 -0.829104
v 0.198860 -0.000067 -0.829104
v 0.159757 0.077349 -0.829104
v -0.195108 -0.000067 -0.829104
v -0.156004 0.077349 -0.829104
v -0.195108 0.059393 -0.829104
v -0.284068 -0.000067 -0.829104
v -0.273315 0.059393 -0.829104
v 0.170999 0.572165 -1.070433
v 0.174909 0.583645 -1.043076
v 0.218412 0.584528 -1.070433
v -0.135964 0.142108 0.596397
v -0.128632 0.156531 0.596397
v -0.111035 0.170955 0.596397
v -0.111035 0.170955 0.688239
v -0.093439 0.176842 0.596397
v -0.111035 0.362287 -0.737262
v -0.093439 0.356400 -0.737262
v 0.139716 0.390840 -0.737262
v 0.114788 0.362287 -0.737262
v 0.132384 0.376711 -0.737262
v 0.097191 0.356400 -0.737262
v 0.097191 0.335795 -0.737262
v 0.084971 0.308420 -0.737262
v -0.093439 0.335795 -0.737262
v -0.081219 0.308420 -0.737262
v -0.057268 0.284577 -0.737262
v 0.061020 0.284577 -0.737262
v -0.057268 0.248665 -0.737262
v 0.061020 0.248665 -0.737262
v 0.084971 0.224822 -0.737262
v -0.081219 0.224822 -0.737262
v -0.093439 0.197152 -0.737262
v 0.097191 0.197152 -0.737262
v -0.135964 0.107079 -0.829104
v 0.139716 0.107079 -0.829104
v 0.091814 0.208927 -0.829104
v 0.089859 0.213342 -0.814449
v 0.198860 0.533309 0.596397
v -0.156004 0.455893 0.596397
v -0.195108 0.533309 0.596397
v -0.195108 0.473849 0.596397
v -0.284068 0.533309 0.596397
v -0.284068 0.473849 0.596397
v -0.135964 0.426163 0.596397
v -0.135964 0.390840 0.596397
v -0.111035 0.362287 0.596397
v -0.128632 0.376711 0.596397
v -0.093439 0.356400 0.596397
v -0.093439 0.335795 0.596397
v -0.081219 0.308420 0.596397
v 0.287821 -0.000067 -0.737262
v 0.287821 0.059393 -0.737262
v -0.379383 0.569221 -1.063594
v -0.385737 0.583056 -1.050892
v 0.139716 0.142108 -0.829104
v 0.139716 0.142108 -0.737262
v 0.139716 0.107079 -0.737262
v 0.146559 0.097071 -0.737262
v 0.159757 0.077349 -0.737262
v 0.198860 0.059393 -0.737262
v -0.162847 0.560979 -0.729446
v -0.162847 0.583645 0.903188
v 0.198860 -0.000067 -0.737262
v -0.195108 -0.000067 -0.737262
v -0.284068 -0.000067 -0.737262
v -0.284068 0.059393 -0.737262
v -0.195108 0.059393 -0.737262
v -0.156004 0.077349 -0.736285
v 0.198860 0.533309 0.688239
v -0.195108 0.533309 0.688239
v -0.156004 0.455893 0.688239
v -0.195108 0.473849 0.688239
v -0.284068 0.533309 0.688239
v -0.284068 0.473849 0.688239
v -0.088062 0.208927 0.688239
v -0.086107 0.213342 0.673583
v -0.081219 0.224822 0.596397
v -0.093439 0.197152 0.596397
v -0.135964 0.426163 0.688239
v -0.135964 0.390840 0.688239
v -0.128632 0.376711 0.688239
v -0.111035 0.362287 0.688239
v -0.339791 0.582467 0.129372
v -0.355921 0.582467 0.208512
v -0.359831 0.582467 0.287652
v -0.356410 0.582467 0.471336
v 0.071774 0.202157 -0.829104
v -0.178489 0.581878 -0.666916
v -0.284068 0.059393 -0.786115
v -0.135964 0.107079 -0.737262
v -0.034295 0.591592 -1.070433
v -0.149161 0.571576 0.342367
v -0.149161 0.571576 0.269089
v -0.284068 0.050857 -0.829104
v -0.128632 0.376711 -0.737262
v -0.135964 0.390840 -0.737262
v -0.135964 0.426163 -0.737262
v -0.156004 0.455893 -0.737262
v -0.195108 0.473849 -0.737262
v 0.287821 0.533309 -0.737262
v 0.287821 0.473849 -0.737262
v -0.377428 0.594830 -1.063594
v -0.403334 0.539785 0.915889
v -0.162847 0.594830 -0.649329
v -0.085129 0.317545 -0.824219
v -0.080241 0.320194 -0.825196
v -0.087084 0.336678 -0.825196
v -0.093439 0.335795 -0.826173
v -0.093439 0.349041 -0.829104
v -0.410177 0.531837 0.924683
v 0.014585 0.278984 0.684331
v 0.048312 0.278984 0.684331
v -0.195108 0.533309 -0.737262
v 0.159757 0.455893 -0.737262
v 0.198860 0.533309 -0.737262
v 0.198860 0.473849 -0.737262
v 0.139716 0.426163 -0.737262
v -0.179955 0.585999 0.912958
v -0.167246 0.586588 0.898302
v -0.210749 0.594830 0.918820
v -0.199507 0.588354 0.924683
v -0.035761 0.592475 -1.066525
v -0.083174 0.202451 0.684331
v 0.094747 0.202157 -0.829104
v 0.086926 0.202451 -0.825196
v 0.500446 0.540156 0.924683
v 0.508809 0.536455 0.924682
v 0.500446 0.627842 0.924683
v 0.510991 0.531900 0.924683
v 0.578258 0.542576 0.924683
v 0.568804 0.531900 0.924682
v 0.578258 0.531900 0.198742
v 0.562986 0.536740 0.387311
v 0.555350 0.531900 0.379494
v 0.562622 0.531900 0.539729
v 0.562986 0.536598 0.540706
v 0.578258 0.531900 0.659905
v 0.578258 0.536455 0.541683
v 0.578258 0.536882 0.394150
v 0.500446 0.531900 0.875831
v 0.500446 0.531900 0.538752
v 0.500446 0.531900 0.379494
v 0.500446 0.531900 -0.998132
v 0.500446 0.531900 -1.070433
v 0.500446 0.627842 -0.116842
v 0.500446 0.627842 -1.070433
v 0.578258 0.627842 -0.242880
v 0.578258 0.609337 -0.400184
v 0.578258 0.627842 -1.018650
v 0.578258 0.531900 -1.008880
v 0.578258 0.605351 -1.070433
v 0.578258 0.531900 -1.070433
v 0.578258 0.627842 -0.150061
v 0.578258 0.627842 0.367770
v 0.578258 0.627842 0.556339
v 0.578258 0.531900 0.911004
v 0.578258 0.627842 0.924683
v 0.521172 0.531900 -1.070433
v 0.534625 0.531900 -1.011811
v 0.569531 0.624568 -0.223339
v 0.540806 0.627842 -0.114888
v 0.528080 0.542576 -1.070433
v 0.536079 0.531900 -1.070433
v 0.528080 0.534463 -1.058709
v 0.550260 0.627842 -1.070433
v 0.564441 0.626703 -1.043076
v 0.565531 0.614034 -1.070433
v -0.569950 0.540156 0.924683
v -0.561587 0.536455 0.924682
v -0.569950 0.627842 0.924683
v -0.559406 0.531900 0.924683
v -0.492139 0.542576 0.924683
v -0.501593 0.531900 0.924682
v -0.492139 0.531900 0.198742
v -0.507410 0.536740 0.387311
v -0.515046 0.531900 0.379494
v -0.507774 0.531900 0.539729
v -0.507410 0.536598 0.540706
v -0.492139 0.531900 0.659905
v -0.492139 0.536455 0.541683
v -0.492139 0.536882 0.394150
v -0.569950 0.531900 0.875831
v -0.569950 0.531900 0.538752
v -0.569950 0.531900 0.379494
v -0.569950 0.531900 -0.998132
v -0.569950 0.531900 -1.070433
v -0.569950 0.627842 -0.116842
v -0.569950 0.627842 -1.070433
v -0.492139 0.627842 -0.242880
v -0.492139 0.609337 -0.400184
v -0.492139 0.627842 -1.018650
v -0.492139 0.531900 -1.008880
v -0.492139 0.605351 -1.070433
v -0.492139 0.531900 -1.070433
v -0.492139 0.627842 -0.150061
v -0.492139 0.627842 0.367770
v -0.492139 0.627842 0.556339
v -0.492139 0.531900 0.911004
v -0.492139 0.627842 0.924683
v -0.549225 0.531900 -1.070433
v -0.535771 0.531900 -1.011811
v -0.500866 0.624568 -0.223339
v -0.529590 0.627842 -0.114888
v -0.542316 0.542576 -1.070433
v -0.534317 0.531900 -1.070433
v -0.542316 0.534463 -1.058709
v -0.520137 0.627842 -1.070433
v -0.505956 0.626703 -1.043076
v -0.504865 0.614034 -1.070433
v -0.569950 0.627842 0.987675
v -0.553054 0.531900 0.987675
v -0.235344 0.627842 0.987675
v -0.002415 0.627842 0.987675
v 0.575359 0.627842 0.987675
v 0.578258 0.627842 0.924683
v -0.016898 0.531900 0.924683
v -0.213620 0.531900 0.924683
v -0.509606 0.531900 0.924683
v -0.035001 0.536882 0.987675
v -0.217240 0.536455 0.987675
v -0.363274 0.531900 0.987675
v -0.216033 0.536598 0.975312
v -0.214827 0.531900 0.975018
v -0.016898 0.531900 0.969131
v -0.026553 0.536740 0.975312
v 0.206376 0.531900 0.987675
v -0.569950 0.531900 0.980022
v -0.569950 0.542576 0.987675
v -0.569950 0.531900 0.933219
v -0.569950 0.627842 0.924683
v -0.569950 0.536455 0.931453
v -0.569950 0.540156 0.924683
v 0.575359 0.627842 0.957356
v 0.578258 0.531900 0.952246
v 0.578258 0.535600 0.924683
v 0.578258 0.531900 0.969426
v 0.578258 0.535766 0.924683
v 0.578258 0.531900 0.924683
v 0.576890 0.577158 0.987675
v 0.578258 0.577241 0.924683
v 0.578258 0.531900 0.987675
v -0.569950 0.627842 -1.070433
v -0.553054 0.531900 -1.070433
v -0.235344 0.627842 -1.070433
v -0.002415 0.627842 -1.070433
v 0.575359 0.627842 -1.070433
v 0.578258 0.627842 -1.133426
v -0.016898 0.531900 -1.133426
v -0.213620 0.531900 -1.133426
v -0.509606 0.531900 -1.133426
v -0.035001 0.536882 -1.070433
v -0.217240 0.536455 -1.070433
v -0.363274 0.531900 -1.070433
v -0.216033 0.536598 -1.082796
v -0.214827 0.531900 -1.083091
v -0.016898 0.531900 -1.088978
v -0.026553 0.536740 -1.082796
v 0.206376 0.531900 -1.070433
v -0.569950 0.531900 -1.078086
v -0.569950 0.542576 -1.070433
v -0.569950 0.531900 -1.124889
v -0.569950 0.627842 -1.133426
v -0.569950 0.536455 -1.126655
v -0.569950 0.540156 -1.133426
v 0.575359 0.627842 -1.100752
v 0.578258 0.531900 -1.105863
v 0.578258 0.535600 -1.133426
v 0.578258 0.531900 -1.088682
v 0.578258 0.535766 -1.133426
v 0.578258 0.531900 -1.133426
v 0.576890 0.577158 -1.070433
v 0.578258 0.577241 -1.133426
v 0.578258 0.531900 -1.070433
v 0.498726 0.627842 -0.263019
v 0.498726 0.627842 -0.240059
v 0.498726 0.594830 -0.263019
v 0.498726 0.594830 -0.240059
v -0.492511 0.627842 -0.240059
v -0.492511 0.627842 -0.263019
v -0.492511 0.594830 -0.240059
v -0.492511 0.594830 -0.263019
v -0.108994 0.627842 -0.267729
v -0.108994 0.594830 -0.267729
v 0.119083 0.627842 -0.267729
v 0.119083 0.594830 -0.267729
v -0.108994 0.594830 -0.245063
v -0.108994 0.627842 -0.245063
v 0.119083 0.594830 -0.245063
v 0.119083 0.627842 -0.245063
vn -0.5774 -0.5773 0.5773
vn 0.0166 0.7074 0.7066
vn -0.5774 0.5774 0.5773
vn -0.6986 0.6702 -0.2506
vn -0.8033 0.5848 -0.1127
vn -0.0445 0.7083 -0.7045
vn 0.7059 -0.7082 0.0142
vn -0.7055 -0.7087 0.0052
vn 0.7054 -0.7087 0.0052
vn -0.6514 0.2707 -0.7088
vn -0.7083 0.7058 0.0140
vn -0.6535 0.7173 -0.2416
vn -0.0634 0.4911 -0.8688
vn -0.1146 0.7330 -0.6705
vn 0.5760 0.5852 -0.5707
vn 0.1058 0.7331 -0.6719
vn -0.0000 0.9997 0.0246
vn 0.0376 0.9968 -0.0703
vn -0.0003 1.0000 0.0032
vn -0.0000 1.0000 0.0073
vn -0.7088 0.7054 0.0052
vn 0.0111 0.9990 0.0432
vn 0.0263 0.9991 -0.0325
vn -0.3290 0.9443 -0.0098
vn -0.0000 1.0000 -0.0014
vn -0.0072 0.7147 -0.6994
vn -0.0002 -1.0000 0.0017
vn 0.3222 -0.6947 0.6431
vn -0.5773 -0.5774 0.5773
vn 0.2819 0.8918 0.3539
vn 0.2020 0.5329 0.8217
vn 0.1707 0.4066 0.8975
vn 0.8112 0.5680 0.1391
vn 0.6173 0.4833 0.6208
vn 0.5773 -0.5773 0.5774
vn 0.7071 0.7071 -0.0000
vn 0.7055 0.7078 0.0372
vn -0.0296 -0.0901 0.9955
vn 0.1186 0.9449 0.3050
vn 0.2297 0.9302 0.2864
vn 0.0113 0.7072 0.7069
vn 0.6439 0.3468 0.6820
vn 0.6812 0.7177 0.1444
vn 0.5292 0.8205 -0.2161
vn 0.0010 1.0000 -0.0023
vn 0.5774 0.5773 -0.5774
vn -0.4060 0.6303 -0.6617
vn -0.0035 0.9971 -0.0760
vn 0.9998 0.0111 0.0177
vn -0.0186 0.0647 -0.9977
vn 0.7070 0.7072 -0.0062
vn -0.3596 0.6509 0.6686
vn -0.5830 0.4687 0.6637
vn -0.4076 0.2935 0.8647
vn 0.4076 -0.2935 0.8647
vn 0.3596 -0.6509 0.6686
vn 0.5804 -0.4707 0.6645
vn -0.7310 0.1625 0.6627
vn -0.4526 0.5461 0.7049
vn -0.9207 0.3893 0.0260
vn 0.7321 0.1754 -0.6582
vn 0.6005 0.2000 -0.7742
vn -0.6000 0.1851 -0.7783
vn 0.1511 0.6381 -0.7549
vn 0.5773 0.5774 -0.5774
vn 0.5773 -0.5774 -0.5773
vn 0.7070 0.7071 0.0104
vn -0.6137 0.4214 -0.6677
vn -0.5485 0.2279 -0.8045
vn 0.5485 0.2279 -0.8045
vn -0.0131 0.0015 0.9999
vn -0.6169 0.4186 0.6665
vn -0.7978 -0.1918 0.5716
vn -0.2997 0.5582 0.7737
vn 0.7005 0.2967 0.6491
vn 0.2113 0.7159 0.6654
vn 0.6643 -0.2877 0.6899
vn 0.7034 -0.0497 0.7090
vn -0.4076 -0.2935 0.8647
vn 0.7796 -0.1475 0.6086
vn -0.0000 -1.0000 -0.0000
vn 0.2586 -0.6387 0.7247
vn -0.0000 -0.7071 0.7071
vn 0.7071 -0.7071 -0.0000
vn 0.7074 0.6222 0.3353
vn -0.0000 0.7071 0.7071
vn 0.2586 0.6387 0.7247
vn 0.6576 -0.3904 0.6443
vn 0.6633 -0.6266 0.4092
vn 0.6680 -0.7315 0.1367
vn -0.6633 -0.6266 0.4092
vn -0.6576 -0.3904 0.6443
vn -0.6743 -0.1126 0.7298
vn -0.6563 0.3867 0.6478
vn -0.6633 0.6266 0.4092
vn -0.6680 0.7315 0.1367
vn 0.6680 -0.7315 -0.1367
vn 0.6633 -0.6266 -0.4092
vn 0.6576 -0.3904 -0.6443
vn 0.6757 0.1076 -0.7293
vn 0.6564 0.3867 -0.6478
vn 0.6633 0.6266 -0.4092
vn -0.6680 0.7315 -0.1367
vn -0.6633 0.6266 -0.4092
vn -0.6563 0.3867 -0.6478
vn 0.5830 0.4687 -0.6637
vn -0.7321 0.1754 -0.6582
vn 0.4076 0.2935 0.8647
vn -0.7321 0.1754 0.6582
vn 0.7321 0.1754 0.6582
vn 0.5830 0.4687 0.6637
vn 0.7310 0.1625 -0.6627
vn 0.4526 0.5461 -0.7049
vn 0.9207 0.3893 -0.0260
vn -0.5774 -0.5773 -0.5774
vn -0.7004 0.2957 -0.6496
vn -0.2104 0.7158 -0.6659
vn -0.7320 -0.1786 0.6574
vn -0.5804 -0.4707 0.6645
vn -0.3596 -0.6509 0.6686
vn -0.0000 -0.7071 -0.7071
vn 0.7321 0.1545 0.6635
vn 0.0131 0.0015 -0.9999
vn -0.7321 0.1545 -0.6635
vn -0.6136 0.4214 -0.6678
vn 0.2997 0.5582 -0.7737
vn 0.7978 -0.1918 -0.5716
vn -0.7070 0.7072 -0.0108
vn -0.6644 -0.2877 -0.6898
vn -0.7034 -0.0497 -0.7090
vn -0.4076 -0.2935 -0.8647
vn 0.6000 0.1851 0.7783
vn -0.6005 0.2000 0.7742
vn -0.4089 0.4792 0.7766
vn 0.4159 0.4770 0.7743
vn 0.4089 0.6517 0.6388
vn -0.0003 0.0803 0.9968
vn 0.2586 -0.6387 -0.7247
vn 0.7074 -0.6222 -0.3353
vn 0.1183 -0.7136 0.6905
vn 0.1850 -0.5403 0.8209
vn 0.6127 -0.4859 0.6233
vn 0.7071 0.7071 0.0033
vn 0.8160 0.5765 0.0416
vn 0.8385 0.5442 0.0273
vn 0.7243 0.6886 -0.0356
vn 0.7232 0.6856 -0.0836
vn 0.3596 0.6509 0.6686
vn 0.4076 0.2934 -0.8647
vn 0.3596 0.6509 -0.6686
vn 0.5830 0.4688 -0.6636
vn 0.5994 0.1832 0.7792
vn 0.4104 0.4833 0.7733
vn 0.4089 0.4792 -0.7766
vn 0.1392 0.6366 0.7585
vn -0.7054 -0.7087 -0.0052
vn -0.7059 -0.7081 -0.0141
vn 0.7054 -0.7087 -0.0052
vn 0.7059 -0.7081 -0.0141
vn -0.5787 -0.5694 -0.5838
vn 0.5787 -0.5694 -0.5838
vn 0.5806 -0.5735 -0.5780
vn 0.5739 0.5815 -0.5767
vn 0.5805 -0.5735 0.5780
vn 0.5739 0.5814 0.5767
vn 0.7071 -0.0000 0.7071
vn 0.5774 -0.5773 0.5773
vn 0.7071 -0.0000 -0.7071
vn 0.1392 -0.6367 0.7585
vn 0.1392 -0.6366 -0.7585
vn 0.4104 -0.4833 0.7733
vn 0.4104 -0.4833 -0.7733
vn 0.5994 -0.1832 0.7792
vn 0.5994 -0.1832 -0.7792
vn 0.7320 -0.1786 0.6574
vn 0.7320 -0.1786 -0.6574
vn 0.5804 -0.4707 -0.6645
vn 0.3596 -0.6509 -0.6686
vn 0.4076 -0.2935 -0.8647
vn 0.3379 0.9411 -0.0115
vn 0.3292 0.9434 0.0395
vn -0.5739 0.5814 -0.5767
vn -0.5805 -0.5735 -0.5780
vn -0.5739 0.5814 0.5767
vn -0.5805 -0.5735 0.5780
vn -0.0043 -0.7084 -0.7058
vn -0.0043 -0.7084 0.7058
vn 0.0044 -0.7085 -0.7057
vn 0.0044 -0.7085 0.7057
vn -0.5787 -0.5693 0.5839
vn -0.7059 -0.7082 0.0141
vn 0.5787 -0.5693 0.5839
vn -0.7074 -0.7067 0.0109
vn -0.7069 -0.7072 0.0105
vn 0.0046 0.7056 0.7086
vn 0.0046 0.7056 -0.7086
vn -0.0046 0.7056 0.7086
vn -0.0046 0.7056 -0.7086
vn 0.7323 -0.1564 -0.6628
vn 0.6853 -0.2482 0.6847
vn 0.7993 -0.2108 0.5627
vn 0.6129 -0.4222 -0.6679
vn 0.6525 -0.3526 0.6708
vn 0.5485 -0.2279 0.8045
vn 0.5485 -0.2279 -0.8045
vn 0.5485 0.2279 0.8045
vn 0.6136 0.4214 0.6678
vn 0.6136 0.4214 -0.6678
vn 0.7321 0.1545 -0.6635
vn -0.5485 -0.2279 -0.8045
vn -0.7071 -0.0000 -0.7071
vn -0.5774 -0.5773 -0.5773
vn -0.7071 -0.0000 0.7071
vn -0.5996 0.1831 0.7791
vn -0.4104 0.4834 0.7733
vn -0.1392 0.6366 0.7585
vn -0.5774 -0.5773 0.5774
vn -0.5773 0.5774 0.5773
vn 0.7030 0.7093 -0.0520
vn 0.6876 0.7258 0.0188
vn -0.3991 -0.6616 0.6348
vn 0.5774 -0.5773 -0.5774
vn -0.7071 -0.7071 -0.0000
vn -0.5773 -0.5774 -0.5773
vn 0.7051 -0.7086 0.0270
vn 0.5773 -0.5773 -0.5774
vn -0.7321 -0.1560 0.6631
vn -0.6125 -0.4224 0.6682
vn -0.5485 -0.2279 0.8045
vn -0.5485 0.2279 0.8045
vn 0.8688 -0.0719 0.4899
vn 0.5702 -0.3947 0.7204
vn -0.7209 -0.2075 -0.6613
vn 0.0003 0.0803 -0.9968
vn -0.4159 0.4770 -0.7743
vn -0.4089 0.6517 -0.6388
vn -0.0006 -0.7073 -0.7070
vn 0.0026 -0.7087 -0.7055
vn -0.1392 0.6367 -0.7585
vn -0.5774 0.5773 -0.5773
vn -0.2283 0.0816 -0.9702
vn -0.7944 0.6011 -0.0873
vn 0.7074 -0.6222 0.3353
vn 0.5760 0.5853 0.5706
vn 0.7083 0.7058 -0.0142
vn -0.5760 0.5853 0.5706
vn -0.7085 0.7056 -0.0137
vn -0.7064 0.7076 -0.0202
vn -0.6281 0.7769 -0.0445
vn 0.7087 0.7054 -0.0051
vn -0.5562 0.8300 0.0421
vn -0.0000 1.0000 -0.0075
vn -0.7088 0.7054 -0.0053
vn 0.7088 0.7054 0.0052
vn -0.3587 0.9335 0.0009
vn 0.7083 0.7058 0.0140
vn 0.5774 -0.5773 -0.5773
vn 0.1392 -0.6367 -0.7585
vn -0.0000 -0.0000 -1.0000
vn -0.4104 -0.4833 -0.7733
vn -0.1392 -0.6367 -0.7585
vn -0.5994 -0.1832 -0.7792
vn -0.7320 -0.1786 -0.6574
vn 0.7320 -0.1786 -0.6575
vn -0.7796 -0.1475 -0.6086
vn 0.7321 -0.1560 -0.6631
vn -0.6525 -0.3526 -0.6708
vn 0.6125 -0.4224 -0.6682
vn 0.6169 0.4186 -0.6665
vn -0.5717 0.8121 0.1169
vn -0.0002 1.0000 0.0008
vn 0.5773 0.5773 -0.5774
vn -0.7581 0.6469 -0.0831
vn -0.7071 0.7071 -0.0000
vn -0.5774 0.5773 0.5773
vn -0.8001 0.5986 -0.0379
vn -0.7070 0.7072 -0.0065
vn 0.6564 0.3867 0.6478
vn 0.6757 0.1076 0.7293
vn 0.6633 0.6266 0.4092
vn 0.6680 0.7315 0.1367
vn 0.6680 0.7315 -0.1367
vn 0.6743 -0.1126 -0.7298
vn -0.8102 0.5861 0.0041
vn -0.8182 0.5727 0.0512
vn -0.7070 0.7071 0.0101
vn 0.6743 -0.1126 0.7298
vn -0.6757 0.1076 0.7293
vn -0.6680 -0.7315 0.1367
vn -0.6680 -0.7315 -0.1367
vn -0.6633 -0.6266 -0.4092
vn -0.6743 -0.1126 -0.7298
vn -0.6576 -0.3904 -0.6443
vn -0.6757 0.1076 -0.7293
vn 0.3416 0.6752 -0.6538
vn -0.5290 0.8468 0.0548
vn 0.7695 0.6137 0.1765
vn -0.5029 0.8642 0.0130
vn -0.3911 0.9197 -0.0337
vn -0.0003 1.0000 0.0010
vn 0.4765 0.8674 0.1432
vn 0.3950 0.9166 0.0614
vn 0.3355 0.9420 0.0072
vn 0.4129 0.9105 -0.0225
vn -0.0000 1.0000 -0.0024
vn 0.2732 0.9432 0.1893
vn -0.3999 0.9164 -0.0166
vn -0.3514 0.9362 -0.0010
vn -0.4213 0.9059 -0.0421
vn -0.4820 0.8694 -0.1091
vn 0.6333 0.4328 -0.6415
vn 1.0000 -0.0005 -0.0059
vn -0.2759 0.9609 0.0246
vn -1.0000 0.0029 -0.0072
vn 0.5774 -0.5773 0.5774
vn 0.0207 0.0002 -0.9998
vn 0.6474 -0.4288 -0.6301
vn 0.8300 0.1200 -0.5446
vn -0.5289 0.8462 -0.0653
vn -0.6258 0.7799 0.0124
vn -0.6650 0.7403 0.0984
vn -0.7879 0.6100 -0.0845
vn -0.8576 0.5130 0.0359
vn -0.7105 0.7037 0.0001
vn -0.3596 -0.6509 -0.6686
vn -0.5804 -0.4707 -0.6645
vn 0.2283 0.0816 0.9702
vn 0.7944 0.6011 0.0873
vn -0.0000 1.0000 -0.0000
vn -0.0000 0.7071 -0.7071
vn 0.7074 0.6222 -0.3353
vn 0.2586 0.6387 -0.7247
vn 0.4076 0.2935 -0.8647
vn -0.5830 0.4688 0.6636
vn -0.3596 0.6509 -0.6686
vn -0.4076 0.2935 -0.8647
vn -0.5830 0.4687 -0.6636
vn 0.5773 0.5774 -0.5773
vn 0.1392 0.6366 -0.7585
vn 0.4104 0.4834 -0.7733
vn -0.4104 0.4833 -0.7733
vn -0.1392 0.6366 -0.7585
vn -0.6506 0.3860 -0.6540
vn -0.1647 0.5018 -0.8492
vn -0.5830 0.4687 -0.6637
vn 0.7321 -0.1560 0.6631
vn 0.6125 -0.4224 0.6682
vn -0.7323 -0.1564 0.6628
vn -0.6129 -0.4222 0.6679
vn 0.6137 0.4214 0.6677
vn -0.6136 0.4214 0.6678
vn -0.7321 0.1545 0.6635
vn -0.5994 0.1832 -0.7792
vn 0.5996 0.1831 -0.7791
vn -0.1392 -0.6366 -0.7585
vn -0.7321 -0.1560 -0.6631
vn -0.6125 -0.4224 -0.6682
vn 0.5773 -0.5774 0.5773
vn 0.5774 0.5773 0.5773
vn 0.1059 0.7227 -0.6830
vn 0.7209 -0.2075 0.6613
vn 0.1392 0.6367 0.7585
vn 0.0006 -0.7073 0.7070
vn -0.0026 -0.7087 0.7055
vn -0.5773 0.5774 0.5774
vn -0.1511 0.6381 0.7549
vn -0.0000 -0.0000 1.0000
vn -0.4104 -0.4833 0.7733
vn -0.1392 -0.6367 0.7585
vn -0.5994 -0.1832 0.7792
vn -0.7320 -0.1786 0.6575
vn 0.0250 0.9976 0.0652
vn 0.0219 0.9995 0.0243
vn -0.0011 1.0000 0.0027
vn -0.0046 0.9988 -0.0482
vn 0.6003 0.7994 0.0233
vn -0.7151 0.6908 -0.1069
vn -0.7494 0.6580 0.0742
vn -0.1392 -0.6366 0.7585
vn 0.1694 -0.9423 0.2889
vn -0.7993 -0.2108 -0.5627
vn -0.8688 -0.0719 -0.4899
vn -0.5702 -0.3947 -0.7204
vn -0.6853 -0.2482 -0.6846
vn 0.1392 -0.6366 0.7585
vn 0.3647 0.8755 0.3170
vn -0.5773 0.5773 0.5774
vn 0.7036 -0.1529 0.6939
vn 0.5773 0.5774 0.5773
vn 0.3244 0.9295 -0.1753
vn 0.6757 0.7355 -0.0496
vn 0.6902 0.2676 -0.6723
vn 0.1913 -0.6981 0.6900
vn 0.7050 -0.7032 0.0918
vn 0.7071 -0.7071 -0.0022
vn -0.6688 -0.3884 0.6339
vn -0.3789 -0.3813 0.8432
vn -0.3659 -0.6733 0.6425
vn 0.7071 -0.7071 0.0012
vn 0.2896 -0.9571 0.0079
vn 0.2493 -0.9683 0.0188
vn 0.6669 -0.7442 -0.0378
vn 0.6901 -0.7209 -0.0635
vn 0.7083 -0.7057 -0.0151
vn 0.7120 -0.7022 0.0061
vn -0.7070 -0.7072 0.0107
vn -0.5774 -0.5774 -0.5773
vn -0.5774 0.5774 -0.5773
vn 0.9436 0.2839 0.1706
vn 1.0000 -0.0000 0.0003
vn 0.6926 0.7210 -0.0223
vn 0.2770 -0.6909 -0.6678
vn -0.0002 -1.0000 -0.0021
vn 0.9438 0.3023 0.1334
vn 0.0011 1.0000 -0.0023
vn 0.0053 -0.1930 -0.9812
vn -0.2499 -0.7007 -0.6682
vn 0.1158 -0.9763 -0.1828
vn 0.1965 0.7085 -0.6778
vn 0.3433 0.4474 -0.8258
vn -0.7070 -0.7072 -0.0000
vn 0.0244 -0.7351 0.6775
vn 0.0012 -0.7071 0.7071
vn 0.0448 -0.7216 0.6909
vn 0.0125 -0.7072 0.7069
vn -0.0052 -0.9417 0.3363
vn -0.0041 -0.7020 0.7122
vn -0.0544 -0.7048 0.7073
vn -0.6897 -0.1455 0.7093
vn -0.0006 -0.7071 0.7071
vn 0.5631 0.5872 0.5814
vn -0.5773 0.5774 -0.5774
vn -0.8296 -0.3667 -0.4210
vn -0.6270 -0.6612 -0.4119
vn 0.7096 0.0044 -0.7046
vn 0.7014 0.0173 0.7126
vn 0.5862 -0.5695 0.5762
vn 0.5774 -0.5774 -0.5774
vn -0.0058 -0.7071 -0.7071
vn -0.6742 -0.6922 0.2575
vn -0.0168 -0.9548 0.2967
vn 0.7182 0.0089 -0.6958
vn -0.6325 -0.3687 -0.6812
vn 0.6046 0.5729 -0.5534
vn 0.6825 0.7306 0.0192
vn -0.0052 -0.9418 0.3363
vn -0.6270 -0.6612 -0.4118
vn 0.5806 0.5780 -0.5734
vn 0.5739 0.5767 0.5815
vn 0.5806 -0.5780 -0.5734
vn 0.5739 -0.5767 0.5815
vn -0.5739 0.5767 0.5815
vn -0.5806 0.5780 -0.5735
vn -0.5739 -0.5767 0.5814
vn -0.5806 -0.5780 -0.5735
vn -0.0043 0.7057 -0.7085
vn -0.0044 -0.7057 -0.7085
vn 0.0044 0.7057 -0.7085
vn 0.0044 -0.7057 -0.7085
vn 0.0046 -0.7086 0.7056
vn 0.0046 0.7086 0.7056
vn -0.0047 -0.7086 0.7056
vn -0.0047 0.7086 0.7056
vt 0.908258 0.734961
vt 0.821067 0.711788
vt 0.908258 0.711788
vt 0.010430 0.404198
vt 0.019391 0.402978
vt 0.000500 0.426029
vt 0.147756 0.332605
vt 0.294892 0.234547
vt 0.294892 0.332605
vt 0.736419 0.375048
vt 0.589283 0.373951
vt 0.731575 0.370292
vt 0.936474 0.981814
vt 0.934415 0.983034
vt 0.875561 0.983034
vt 0.737387 0.064287
vt 0.694034 0.060384
vt 0.736176 0.061847
vt 0.428827 0.052334
vt 0.442632 0.052578
vt 0.442632 0.098802
vt 0.841290 0.843020
vt 0.800722 0.832897
vt 0.800722 0.828873
vt 0.308939 0.053798
vt 0.355441 0.052212
vt 0.356531 0.055017
vt 0.737387 0.098802
vt 0.732422 0.098802
vt 0.737387 0.076483
vt 0.041431 0.723619
vt 0.000500 0.717520
vt 0.000500 0.693128
vt 0.006555 0.108681
vt 0.002195 0.114413
vt 0.000500 0.111852
vt 0.726731 0.210520
vt 0.736540 0.211496
vt 0.736540 0.229668
vt 0.612050 0.206374
vt 0.713289 0.206374
vt 0.599456 0.800699
vt 0.623918 0.800699
vt 0.627430 0.806675
vt 0.004375 0.117706
vt 0.009340 0.111242
vt 0.000500 0.124292
vt 0.736176 0.490303
vt 0.736176 0.501280
vt 0.731211 0.501280
vt 0.353867 0.103437
vt 0.583592 0.103437
vt 0.543871 0.122463
vt 0.736540 0.103437
vt 0.736540 0.167589
vt 0.726973 0.169785
vt 0.124142 0.218936
vt 0.153448 0.206374
vt 0.383294 0.206374
vt 0.909227 0.936566
vt 0.909832 0.927053
vt 0.973773 0.927053
vt 0.097621 0.660076
vt 0.005465 0.660076
vt 0.000500 0.657271
vt 0.896633 0.089411
vt 0.901961 0.084167
vt 0.894453 0.094777
vt 0.828454 0.151490
vt 0.826274 0.156735
vt 0.820946 0.161979
vt 0.700452 0.945835
vt 0.702390 0.945835
vt 0.706870 0.951446
vt 0.897844 0.601412
vt 0.910801 0.601412
vt 0.910801 0.683615
vt 0.928239 0.583971
vt 0.928239 0.557383
vt 0.950158 0.557383
vt 0.739931 0.018672
vt 0.739931 0.000744
vt 0.766451 0.000744
vt 0.867448 0.667272
vt 0.858729 0.660076
vt 0.858729 0.624951
vt 0.885128 0.102217
vt 0.876893 0.098314
vt 0.882706 0.096241
vt 0.990484 0.164296
vt 0.989879 0.171370
vt 0.987941 0.169419
vt 0.788854 0.778868
vt 0.782073 0.778868
vt 0.786554 0.777282
vt 0.885007 0.097705
vt 0.983218 0.614584
vt 0.985035 0.608851
vt 0.986125 0.614584
vt 0.980796 0.210886
vt 0.964569 0.208691
vt 0.980796 0.206374
vt 0.836325 0.149417
vt 0.831118 0.151490
vt 0.828454 0.094777
vt 0.841775 0.147953
vt 0.552711 0.983278
vt 0.559614 0.992425
vt 0.552711 0.992425
vt 0.991332 0.065994
vt 0.991332 0.075019
vt 0.985277 0.075019
vt 0.702511 0.810822
vt 0.702511 0.803870
vt 0.705659 0.800699
vt 0.594127 0.846801
vt 0.591947 0.848997
vt 0.589647 0.849972
vt 0.591947 0.797040
vt 0.594127 0.799236
vt 0.595096 0.801553
vt 0.594127 0.818750
vt 0.591947 0.820945
vt 0.589647 0.821921
vt 0.005949 0.849972
vt 0.003649 0.848997
vt 0.001469 0.846801
vt 0.000500 0.829604
vt 0.001469 0.827287
vt 0.003649 0.825092
vt 0.005949 0.821921
vt 0.003649 0.820945
vt 0.001469 0.818750
vt 0.892636 0.257354
vt 0.897844 0.255159
vt 0.897844 0.337362
vt 0.885128 0.497743
vt 0.885128 0.441030
vt 0.897844 0.428224
vt 0.897844 0.510427
vt 0.892515 0.508354
vt 0.400974 0.945835
vt 0.402912 0.945835
vt 0.407272 0.951446
vt 0.950279 0.381390
vt 0.931509 0.381390
vt 0.928361 0.378219
vt 0.806293 0.428224
vt 0.811621 0.430420
vt 0.816828 0.435786
vt 0.955123 0.220399
vt 0.989152 0.220399
vt 0.989152 0.246987
vt 0.877620 0.497743
vt 0.875804 0.275405
vt 0.875804 0.268575
vt 0.877620 0.267843
vt 0.877620 0.324556
vt 0.867448 0.321019
vt 0.990484 0.117463
vt 0.989879 0.124536
vt 0.987941 0.122585
vt 0.990121 0.207959
vt 0.983218 0.207959
vt 0.987820 0.206374
vt 0.873382 0.269428
vt 0.875682 0.270892
vt 0.983218 0.633366
vt 0.985035 0.627634
vt 0.986125 0.633366
vt 0.241366 0.997060
vt 0.225139 0.994864
vt 0.241366 0.992547
vt 0.827001 0.322604
vt 0.821793 0.324556
vt 0.819008 0.324556
vt 0.910801 0.510427
vt 0.910801 0.428224
vt 0.921700 0.422248
vt 0.921700 0.516403
vt 0.917341 0.514086
vt 0.917341 0.491401
vt 0.966749 0.664832
vt 0.969898 0.661661
vt 0.969898 0.655685
vt 0.818524 0.734961
vt 0.814649 0.732522
vt 0.810047 0.731912
vt 0.810047 0.714593
vt 0.051967 0.992791
vt 0.121478 0.987912
vt 0.118572 0.992791
vt 0.177910 0.992791
vt 0.178152 0.988034
vt 0.222596 0.992791
vt 0.823973 0.034772
vt 0.818282 0.034772
vt 0.823973 0.000744
vt 0.818282 0.000744
vt 0.810894 0.034772
vt 0.810894 0.000744
vt 0.805082 0.034772
vt 0.805082 0.000744
vt 0.792124 0.034772
vt 0.792124 0.000744
vt 0.779651 0.034772
vt 0.779651 0.000500
vt 0.766451 0.034772
vt 0.743079 0.034772
vt 0.442148 0.234547
vt 0.589283 0.234547
vt 0.442148 0.332605
vt 0.589283 0.332605
vt 0.736540 0.234547
vt 0.736540 0.332605
vt 0.991695 0.035137
vt 0.983218 0.035137
vt 0.991695 0.000500
vt 0.983218 0.000500
vt 0.753978 0.752402
vt 0.753978 0.730570
vt 0.787886 0.752402
vt 0.787886 0.730570
vt 0.980554 0.034772
vt 0.954034 0.034772
vt 0.980554 0.000744
vt 0.954034 0.000744
vt 0.940713 0.034772
vt 0.940713 0.000744
vt 0.928239 0.034772
vt 0.928239 0.000744
vt 0.915282 0.034772
vt 0.915282 0.000744
vt 0.909590 0.034772
vt 0.909590 0.000744
vt 0.902082 0.034772
vt 0.902082 0.000744
vt 0.896390 0.034772
vt 0.896390 0.000744
vt 0.795999 0.688371
vt 0.843107 0.692762
vt 0.843712 0.696909
vt 0.885007 0.701543
vt 0.884644 0.697519
vt 0.915282 0.701543
vt 0.964569 0.047334
vt 0.972925 0.047334
vt 0.964569 0.081971
vt 0.972925 0.081971
vt 0.309424 0.866193
vt 0.424710 0.866193
vt 0.309424 0.900953
vt 0.424710 0.900953
vt 0.493252 0.866193
vt 0.493252 0.900953
vt 0.607448 0.866193
vt 0.607448 0.900953
vt 0.000500 0.234547
vt 0.147756 0.234547
vt 0.000500 0.332605
vt 0.214845 0.234547
vt 0.242335 0.234547
vt 0.000500 0.941079
vt 0.115907 0.941079
vt 0.000500 0.975838
vt 0.115907 0.975838
vt 0.184449 0.941079
vt 0.184449 0.975838
vt 0.298646 0.941079
vt 0.298646 0.975838
vt 0.893726 0.034772
vt 0.888882 0.000744
vt 0.888882 0.033430
vt 0.881737 0.032942
vt 0.878226 0.000744
vt 0.878226 0.034772
vt 0.866842 0.034772
vt 0.866842 0.000744
vt 0.853642 0.034772
vt 0.853642 0.000744
vt 0.842259 0.034772
vt 0.842259 0.000744
vt 0.831481 0.034772
vt 0.831481 0.000744
vt 0.309424 0.919491
vt 0.424710 0.917784
vt 0.309424 0.927907
vt 0.424710 0.926077
vt 0.493252 0.917784
vt 0.493252 0.926077
vt 0.607448 0.919491
vt 0.607448 0.927907
vt 0.845408 0.624951
vt 0.845408 0.660076
vt 0.753978 0.775819
vt 0.753978 0.753987
vt 0.787886 0.775819
vt 0.787886 0.753987
vt 0.885128 0.095387
vt 0.886945 0.094777
vt 0.886945 0.151490
vt 0.876893 0.147831
vt 0.894453 0.151490
vt 0.907168 0.164174
vt 0.907168 0.081971
vt 0.920126 0.081971
vt 0.920126 0.164174
vt 0.931146 0.075995
vt 0.931146 0.170151
vt 0.959604 0.181737
vt 0.937685 0.181737
vt 0.959604 0.064409
vt 0.937685 0.064409
vt 0.959604 0.037943
vt 0.937685 0.037943
vt 0.276606 0.997182
vt 0.320807 0.992669
vt 0.320444 0.997182
vt 0.374575 0.997182
vt 0.377360 0.992547
vt 0.446629 0.997182
vt 0.598487 0.980473
vt 0.590131 0.980473
vt 0.598487 0.945835
vt 0.590131 0.945835
vt 0.000500 0.721789
vt 0.000500 0.791186
vt 0.288595 0.791186
vt 0.610597 0.791186
vt 0.734118 0.791186
vt 0.517351 0.693128
vt 0.568454 0.693128
vt 0.602604 0.693128
vt 0.734118 0.693128
vt 0.018423 0.604095
vt 0.000500 0.595679
vt 0.142670 0.604095
vt 0.201282 0.604095
vt 0.708324 0.604095
vt 0.735087 0.604095
vt 0.000500 0.505915
vt 0.383778 0.505915
vt 0.735087 0.505915
vt 0.790429 0.727765
vt 0.782073 0.727765
vt 0.790429 0.693128
vt 0.782073 0.693128
vt 0.835962 0.094777
vt 0.846013 0.147831
vt 0.846013 0.098314
vt 0.854853 0.105510
vt 0.854853 0.140635
vt 0.868053 0.105510
vt 0.868053 0.140635
vt 0.298646 0.900953
vt 0.184449 0.900953
vt 0.298646 0.866193
vt 0.184449 0.866193
vt 0.115907 0.900953
vt 0.115907 0.866193
vt 0.000500 0.900953
vt 0.000500 0.866193
vt 0.975589 0.652636
vt 0.971956 0.652758
vt 0.971472 0.650929
vt 0.964811 0.651051
vt 0.964569 0.652880
vt 0.959846 0.651417
vt 0.000500 0.599582
vt 0.000500 0.604095
vt 0.622949 0.848997
vt 0.623312 0.843508
vt 0.624765 0.844240
vt 0.625371 0.837898
vt 0.623675 0.837898
vt 0.623675 0.833507
vt 0.921700 0.595436
vt 0.914434 0.685566
vt 0.917341 0.664589
vt 0.921700 0.689591
vt 0.917341 0.687152
vt 0.950158 0.701177
vt 0.950158 0.583849
vt 0.928239 0.701177
vt 0.950158 0.727643
vt 0.928239 0.727643
vt 0.298525 0.988766
vt 0.184449 0.986937
vt 0.298525 0.980351
vt 0.184449 0.978521
vt 0.115907 0.986937
vt 0.115907 0.978521
vt 0.000500 0.988766
vt 0.000500 0.980351
vt 0.636996 0.843508
vt 0.656372 0.843630
vt 0.657946 0.848509
vt 0.660490 0.842898
vt 0.000500 0.903636
vt 0.115907 0.903636
vt 0.000500 0.938395
vt 0.115907 0.938395
vt 0.184449 0.903636
vt 0.184449 0.938395
vt 0.298646 0.903636
vt 0.298646 0.938395
vt 0.987215 0.193933
vt 0.964569 0.193689
vt 0.968687 0.189421
vt 0.965054 0.187713
vt 0.309424 0.903636
vt 0.424710 0.905465
vt 0.309424 0.912051
vt 0.424710 0.913881
vt 0.493252 0.905465
vt 0.493252 0.913881
vt 0.607448 0.903636
vt 0.607448 0.912051
vt 0.973894 0.075019
vt 0.973894 0.065994
vt 0.980796 0.075019
vt 0.980796 0.065994
vt 0.985277 0.065994
vt 0.562763 0.989254
vt 0.562763 0.983278
vt 0.000500 0.000500
vt 0.147877 0.000500
vt 0.000500 0.098802
vt 0.147877 0.098802
vt 0.187961 0.098802
vt 0.218720 0.095265
vt 0.295255 0.000500
vt 0.244878 0.094899
vt 0.295255 0.053432
vt 0.295255 0.098802
vt 0.357621 0.057823
vt 0.399158 0.057457
vt 0.442632 0.000500
vt 0.397463 0.052212
vt 0.590010 0.000500
vt 0.590010 0.098802
vt 0.737387 0.000500
vt 0.737387 0.059408
vt 0.775897 0.211130
vt 0.775897 0.237596
vt 0.753978 0.211130
vt 0.753978 0.237596
vt 0.782436 0.249183
vt 0.782436 0.343338
vt 0.753978 0.354924
vt 0.775897 0.354924
vt 0.753978 0.381390
vt 0.775897 0.381390
vt 0.793335 0.255159
vt 0.793335 0.337362
vt 0.806293 0.337362
vt 0.806293 0.255159
vt 0.819008 0.267843
vt 0.832450 0.321141
vt 0.826637 0.267843
vt 0.836689 0.321019
vt 0.836689 0.271502
vt 0.845529 0.278698
vt 0.845529 0.313823
vt 0.858729 0.278698
vt 0.858729 0.313823
vt 0.867448 0.271502
vt 0.305669 0.402978
vt 0.247663 0.422004
vt 0.023388 0.501280
vt 0.000500 0.501280
vt 0.468669 0.501280
vt 0.339940 0.402978
vt 0.530793 0.402978
vt 0.540723 0.496280
vt 0.600182 0.402978
vt 0.594975 0.496645
vt 0.638692 0.501280
vt 0.736176 0.402978
vt 0.734118 0.688249
vt 0.616410 0.688249
vt 0.734118 0.665076
vt 0.216298 0.682639
vt 0.217146 0.665076
vt 0.166042 0.665076
vt 0.557313 0.688249
vt 0.498822 0.688249
vt 0.444812 0.688249
vt 0.383173 0.688249
vt 0.264254 0.688249
vt 0.594127 0.827287
vt 0.595096 0.829604
vt 0.591947 0.825092
vt 0.589647 0.824116
vt 0.005949 0.824116
vt 0.000500 0.844484
vt 0.165074 0.682151
vt 0.132014 0.665076
vt 0.131650 0.682639
vt 0.000500 0.665076
vt 0.098227 0.688249
vt 0.000500 0.688249
vt 0.595096 0.844484
vt 0.697667 0.800699
vt 0.697667 0.818872
vt 0.628156 0.800699
vt 0.689190 0.819725
vt 0.676838 0.823872
vt 0.599456 0.823872
vt 0.595096 0.816432
vt 0.589647 0.796065
vt 0.005949 0.796065
vt 0.003649 0.797040
vt 0.000500 0.801553
vt 0.001469 0.799236
vt 0.000500 0.816432
vt 0.736540 0.172590
vt 0.736540 0.201861
vt 0.638450 0.201861
vt 0.604178 0.196617
vt 0.603936 0.103437
vt 0.569060 0.195763
vt 0.520378 0.194543
vt 0.471938 0.201861
vt 0.353988 0.142099
vt 0.352535 0.201861
vt 0.296345 0.158442
vt 0.290774 0.201861
vt 0.267523 0.164418
vt 0.238702 0.166614
vt 0.236522 0.201861
vt 0.177789 0.201861
vt 0.170402 0.164540
vt 0.120751 0.161613
vt 0.118572 0.201861
vt 0.000500 0.201861
vt 0.023751 0.103437
vt 0.015032 0.107340
vt 0.124990 0.103437
vt 0.170402 0.103437
vt 0.168707 0.158076
vt 0.236522 0.158076
vt 0.248753 0.103437
vt 0.265949 0.157954
vt 0.295255 0.154173
vt 0.303732 0.103437
vt 0.735208 0.693128
vt 0.735208 0.690567
vt 0.746107 0.693250
vt 0.746107 0.690689
vt 0.735329 0.687518
vt 0.746107 0.687640
vt 0.735329 0.684956
vt 0.746228 0.685078
vt 0.735450 0.670199
vt 0.746349 0.670321
vt 0.735450 0.667638
vt 0.746349 0.667760
vt 0.735571 0.664589
vt 0.746349 0.664589
vt 0.735571 0.662027
vt 0.746470 0.662149
vt 0.752283 0.078556
vt 0.741384 0.078434
vt 0.752283 0.075995
vt 0.741384 0.075873
vt 0.752283 0.072946
vt 0.741505 0.072824
vt 0.752404 0.070385
vt 0.741505 0.070263
vt 0.752525 0.055505
vt 0.741626 0.055383
vt 0.752525 0.053066
vt 0.741626 0.052944
vt 0.752525 0.049895
vt 0.741626 0.049773
vt 0.752525 0.047456
vt 0.741747 0.047334
vt 0.000500 0.343338
vt 0.147635 0.339679
vt 0.000500 0.366511
vt 0.147635 0.362852
vt 0.294892 0.337484
vt 0.294892 0.360657
vt 0.442027 0.337484
vt 0.442027 0.360657
vt 0.589283 0.339679
vt 0.589283 0.362852
vt 0.736419 0.343338
vt 0.736419 0.366511
vt 0.000500 0.863144
vt 0.000500 0.852168
vt 0.584197 0.863144
vt 0.584197 0.852168
vt 0.734602 0.643123
vt 0.712804 0.647148
vt 0.734602 0.636903
vt 0.707839 0.636903
vt 0.711714 0.660076
vt 0.267402 0.660076
vt 0.201161 0.653246
vt 0.201161 0.636903
vt 0.142549 0.636903
vt 0.142065 0.655441
vt 0.018423 0.636903
vt 0.000500 0.640074
vt 0.312814 0.406393
vt 0.352898 0.402978
vt 0.986488 0.111974
vt 0.983218 0.128073
vt 0.986488 0.094046
vt 0.964569 0.128073
vt 0.964569 0.094046
vt 0.978617 0.089289
vt 0.989758 0.084776
vt 0.986972 0.089289
vt 0.989758 0.106974
vt 0.851099 0.861559
vt 0.802296 0.866071
vt 0.802781 0.861559
vt 0.751072 0.861559
vt 0.752525 0.865584
vt 0.717406 0.861559
vt 0.717891 0.865340
vt 0.683741 0.861559
vt 0.688463 0.842898
vt 0.737872 0.842898
vt 0.737509 0.848021
vt 0.786917 0.852777
vt 0.786311 0.847899
vt 0.821188 0.855826
vt 0.821188 0.851558
vt 0.854490 0.857534
vt 0.940834 0.208203
vt 0.937685 0.205154
vt 0.959604 0.208203
vt 0.000500 0.370170
vt 0.147635 0.373951
vt 0.000500 0.393343
vt 0.147635 0.397124
vt 0.187719 0.374439
vt 0.214119 0.379195
vt 0.214845 0.398099
vt 0.242940 0.380659
vt 0.242214 0.398465
vt 0.272004 0.375780
vt 0.294892 0.399319
vt 0.294892 0.376146
vt 0.442027 0.376146
vt 0.442027 0.399319
vt 0.589283 0.397124
vt 0.736419 0.393343
vt 0.816828 0.329922
vt 0.811621 0.335166
vt 0.959846 0.664832
vt 0.959846 0.655685
vt 0.664365 0.863144
vt 0.641598 0.862900
vt 0.645837 0.858632
vt 0.642083 0.856924
vt 0.992422 0.595557
vt 0.992422 0.585435
vt 0.983218 0.595557
vt 0.986367 0.585435
vt 0.983218 0.588606
vt 0.811621 0.257354
vt 0.816828 0.262598
vt 0.887308 0.262598
vt 0.885128 0.267843
vt 0.887308 0.502988
vt 0.887308 0.435786
vt 0.892515 0.430420
vt 0.887308 0.329922
vt 0.885128 0.324556
vt 0.892636 0.335166
vt 0.973894 0.056359
vt 0.980796 0.056359
vt 0.973894 0.047334
vt 0.980796 0.047334
vt 0.985277 0.056359
vt 0.985277 0.047334
vt 0.991332 0.047334
vt 0.991332 0.056359
vt 0.928361 0.211130
vt 0.950279 0.211130
vt 0.928361 0.237596
vt 0.950279 0.237596
vt 0.921821 0.249183
vt 0.950279 0.354924
vt 0.921821 0.343338
vt 0.928361 0.354924
vt 0.000500 0.402978
vt 0.000500 0.417126
vt 0.608901 0.979741
vt 0.608901 0.945835
vt 0.635422 0.979741
vt 0.635422 0.945835
vt 0.648622 0.979741
vt 0.648622 0.945835
vt 0.653708 0.979741
vt 0.654677 0.973765
vt 0.661095 0.945835
vt 0.661095 0.979741
vt 0.656978 0.979741
vt 0.674053 0.979741
vt 0.674053 0.945835
vt 0.679865 0.979741
vt 0.679865 0.945835
vt 0.687252 0.979741
vt 0.687252 0.945835
vt 0.692944 0.979741
vt 0.692944 0.945835
vt 0.819008 0.441030
vt 0.806293 0.510427
vt 0.816828 0.502988
vt 0.811621 0.508354
vt 0.819008 0.497743
vt 0.826516 0.497743
vt 0.836689 0.494084
vt 0.826516 0.441030
vt 0.836689 0.444567
vt 0.845408 0.451763
vt 0.845408 0.487010
vt 0.858729 0.451763
vt 0.858729 0.487010
vt 0.867448 0.494084
vt 0.867448 0.444567
vt 0.877620 0.441030
vt 0.910801 0.337362
vt 0.910801 0.255159
vt 0.405576 0.945835
vt 0.411752 0.945835
vt 0.411752 0.979741
vt 0.400974 0.979741
vt 0.393466 0.945835
vt 0.393466 0.979741
vt 0.423136 0.979741
vt 0.423136 0.945835
vt 0.436335 0.979741
vt 0.436335 0.945835
vt 0.447598 0.979741
vt 0.447598 0.945835
vt 0.458375 0.979741
vt 0.458375 0.945835
vt 0.465883 0.979741
vt 0.465883 0.945835
vt 0.775897 0.557383
vt 0.775897 0.583971
vt 0.753978 0.557383
vt 0.753978 0.583849
vt 0.782436 0.595436
vt 0.782436 0.689591
vt 0.753978 0.701177
vt 0.775897 0.701177
vt 0.753978 0.727643
vt 0.775897 0.727643
vt 0.793335 0.683615
vt 0.793335 0.601412
vt 0.806293 0.683615
vt 0.806293 0.601412
vt 0.816828 0.608851
vt 0.811621 0.603607
vt 0.819008 0.614218
vt 0.816828 0.676175
vt 0.811621 0.681419
vt 0.819008 0.670931
vt 0.826516 0.670931
vt 0.836689 0.667272
vt 0.826516 0.614218
vt 0.836689 0.617755
vt 0.986488 0.140879
vt 0.986488 0.174785
vt 0.964569 0.140879
vt 0.964569 0.174785
vt 0.628398 0.852168
vt 0.628398 0.862169
vt 0.623433 0.857656
vt 0.618226 0.862169
vt 0.387775 0.945835
vt 0.387775 0.979741
vt 0.380266 0.945835
vt 0.380266 0.979741
vt 0.374575 0.945835
vt 0.374575 0.979741
vt 0.361617 0.945835
vt 0.361617 0.979741
vt 0.355199 0.973765
vt 0.357500 0.979741
vt 0.349144 0.945835
vt 0.354230 0.979741
vt 0.349144 0.979741
vt 0.335944 0.945835
vt 0.335944 0.979741
vt 0.309424 0.945835
vt 0.309424 0.979741
vt 0.917341 0.707520
vt 0.851342 0.703251
vt 0.824336 0.697762
vt 0.810047 0.707763
vt 0.715711 0.608851
vt 0.724672 0.612998
vt 0.430038 0.608851
vt 0.734602 0.617267
vt 0.382931 0.620072
vt 0.734602 0.632024
vt 0.383536 0.632024
vt 0.000500 0.632024
vt 0.000500 0.608851
vt 0.136131 0.608851
vt 0.205400 0.608851
vt 0.395888 0.608851
vt 0.540480 0.994864
vt 0.537453 0.987912
vt 0.540602 0.983278
vt 0.519894 0.992303
vt 0.133225 0.206374
vt 0.000500 0.206374
vt 0.000500 0.229668
vt 0.124384 0.229668
vt 0.447476 0.229668
vt 0.433308 0.206374
vt 0.488287 0.206374
vt 0.566638 0.206374
vt 0.856912 0.869974
vt 0.871081 0.865340
vt 0.856912 0.884732
vt 0.879921 0.861559
vt 0.944103 0.876438
vt 0.955002 0.861559
vt 0.955002 0.874121
vt 0.955002 0.884732
vt 0.955002 0.878512
vt 0.989152 0.390782
vt 0.955123 0.390782
vt 0.989152 0.364194
vt 0.955123 0.364194
vt 0.955123 0.246987
vt 0.896633 0.156735
vt 0.901961 0.161979
vt 0.309424 0.933517
vt 0.423499 0.931809
vt 0.309424 0.941932
vt 0.423499 0.940225
vt 0.492041 0.931809
vt 0.492041 0.940225
vt 0.607448 0.933517
vt 0.607448 0.941932
vt 0.928239 0.384196
vt 0.950158 0.384196
vt 0.928239 0.410784
vt 0.950158 0.410784
vt 0.950158 0.527990
vt 0.928239 0.527990
vt 0.914434 0.512501
vt 0.871928 0.847045
vt 0.841533 0.839118
vt 0.950158 0.554578
vt 0.928239 0.554578
vt 0.989152 0.402978
vt 0.989152 0.429444
vt 0.955123 0.402978
vt 0.955123 0.429444
vt 0.955123 0.546772
vt 0.989152 0.546772
vt 0.955123 0.573238
vt 0.989152 0.573238
vt 0.785222 0.208203
vt 0.763303 0.208203
vt 0.785222 0.181737
vt 0.763303 0.181737
vt 0.791761 0.170151
vt 0.763303 0.064409
vt 0.791761 0.075995
vt 0.785222 0.064409
vt 0.763303 0.037943
vt 0.785222 0.037943
vt 0.665212 0.852168
vt 0.662548 0.857778
vt 0.661095 0.853021
vt 0.641598 0.852899
vt 0.705054 0.945835
vt 0.711230 0.945835
vt 0.711230 0.979741
vt 0.700452 0.979741
vt 0.722613 0.979741
vt 0.722613 0.945835
vt 0.735813 0.979741
vt 0.735813 0.945835
vt 0.747196 0.979741
vt 0.747196 0.945835
vt 0.757853 0.979741
vt 0.757853 0.945835
vt 0.765361 0.979741
vt 0.765361 0.945835
vt 0.802781 0.081971
vt 0.802781 0.164174
vt 0.815738 0.164174
vt 0.815738 0.081971
vt 0.820946 0.084167
vt 0.826274 0.089411
vt 0.842986 0.886195
vt 0.781831 0.886195
vt 0.781952 0.881073
vt 0.751919 0.885220
vt 0.752040 0.879609
vt 0.723098 0.882658
vt 0.723219 0.876560
vt 0.656735 0.867901
vt 0.656735 0.873511
vt 0.608901 0.866193
vt 0.887308 0.676175
vt 0.885128 0.670931
vt 0.892515 0.681419
vt 0.897844 0.683615
vt 0.885128 0.614218
vt 0.877620 0.670931
vt 0.877620 0.614218
vt 0.867448 0.617755
vt 0.892515 0.603607
vt 0.887308 0.608851
vt 0.852189 0.917540
vt 0.852189 0.894367
vt 0.950401 0.917540
vt 0.950401 0.894367
vt 0.871444 0.945835
vt 0.871444 0.979741
vt 0.849525 0.945835
vt 0.849525 0.979741
vt 0.193169 0.206374
vt 0.146909 0.211252
vt 0.608901 0.899367
vt 0.635422 0.899367
vt 0.608901 0.917174
vt 0.635422 0.933273
vt 0.612050 0.933273
vt 0.648622 0.899001
vt 0.648622 0.933273
vt 0.661095 0.899367
vt 0.661095 0.933273
vt 0.674053 0.899367
vt 0.674053 0.933273
vt 0.679865 0.899367
vt 0.679865 0.933273
vt 0.687252 0.899367
vt 0.687252 0.933273
vt 0.692944 0.899367
vt 0.692944 0.933273
vt 0.939259 0.983034
vt 0.951490 0.983034
vt 0.973773 0.959861
vt 0.973773 0.978155
vt 0.875561 0.959861
vt 0.702874 0.833141
vt 0.671994 0.832654
vt 0.673932 0.828873
vt 0.646684 0.828873
vt 0.645715 0.832288
vt 0.618226 0.831922
vt 0.981765 0.593972
vt 0.978617 0.610071
vt 0.981765 0.576165
vt 0.959846 0.610071
vt 0.959846 0.576165
vt 0.276606 0.994376
vt 0.335581 0.984863
vt 0.335944 0.989864
vt 0.365008 0.983278
vt 0.365492 0.988888
vt 0.394072 0.983766
vt 0.394798 0.989986
vt 0.462493 0.992913
vt 0.461887 0.987303
vt 0.510448 0.992913
vt 0.734602 0.647514
vt 0.734602 0.660076
vt 0.765361 0.899245
vt 0.771053 0.899245
vt 0.765361 0.933273
vt 0.771053 0.933273
vt 0.778561 0.899245
vt 0.778561 0.933273
vt 0.784253 0.899245
vt 0.784253 0.933273
vt 0.797210 0.899245
vt 0.797210 0.933273
vt 0.809684 0.899245
vt 0.809684 0.933273
vt 0.823004 0.899245
vt 0.823004 0.933273
vt 0.849525 0.899245
vt 0.849525 0.933273
vt 0.571966 0.945835
vt 0.571966 0.979741
vt 0.550047 0.945835
vt 0.550047 0.979741
vt 0.272246 0.098802
vt 0.904867 0.927053
vt 0.875561 0.927053
vt 0.875561 0.950226
vt 0.973773 0.950226
vt 0.965175 0.917662
vt 0.955123 0.917662
vt 0.960331 0.913027
vt 0.955366 0.908393
vt 0.678412 0.844240
vt 0.673205 0.841069
vt 0.678412 0.838142
vt 0.636996 0.838142
vt 0.744532 0.824116
vt 0.772264 0.830702
vt 0.769236 0.832897
vt 0.797210 0.840703
vt 0.798785 0.837532
vt 0.826880 0.845704
vt 0.612898 0.103437
vt 0.590131 0.108071
vt 0.769721 0.778990
vt 0.765967 0.779112
vt 0.765603 0.777282
vt 0.758943 0.777404
vt 0.758701 0.779234
vt 0.753978 0.777770
vt 0.000984 0.999499
vt 0.000500 0.992547
vt 0.005828 0.995840
vt 0.041916 0.992547
vt 0.711593 0.810822
vt 0.711593 0.800699
vt 0.775897 0.384196
vt 0.775897 0.410784
vt 0.753978 0.384196
vt 0.753978 0.410784
vt 0.782436 0.422248
vt 0.782436 0.516403
vt 0.753978 0.527990
vt 0.775897 0.527990
vt 0.753978 0.554578
vt 0.775897 0.554578
vt 0.793335 0.510427
vt 0.793335 0.428224
vt 0.981765 0.613486
vt 0.981765 0.647514
vt 0.959846 0.613486
vt 0.959846 0.647514
vt 0.471575 0.979741
vt 0.471575 0.945835
vt 0.479083 0.979741
vt 0.479083 0.945835
vt 0.484775 0.979741
vt 0.484775 0.945835
vt 0.497732 0.979741
vt 0.497732 0.945835
vt 0.510206 0.979741
vt 0.510206 0.945835
vt 0.523527 0.979741
vt 0.523527 0.945835
vt 0.987941 0.156369
vt 0.988426 0.150880
vt 0.989879 0.151612
vt 0.990363 0.145270
vt 0.988668 0.145270
vt 0.988668 0.140879
vt 0.771053 0.979741
vt 0.771053 0.945835
vt 0.778561 0.979741
vt 0.778561 0.945835
vt 0.784253 0.979741
vt 0.784253 0.945835
vt 0.797210 0.979741
vt 0.797210 0.945835
vt 0.809684 0.979741
vt 0.809684 0.945835
vt 0.823004 0.979741
vt 0.823004 0.945835
vt 0.700452 0.899367
vt 0.700452 0.933273
vt 0.711230 0.899367
vt 0.711230 0.933273
vt 0.722613 0.899367
vt 0.722613 0.933273
vt 0.735813 0.899367
vt 0.735813 0.933273
vt 0.747196 0.899367
vt 0.747196 0.933273
vt 0.750708 0.931444
vt 0.757853 0.899245
vt 0.757853 0.931931
vt 0.762697 0.933273
vt 0.000500 0.103437
vt 0.010430 0.103437
vt 0.012126 0.104778
vt 0.737387 0.061360
vt 0.314481 0.517808
vt 0.365172 0.594897
vt 0.309760 0.594897
vt 0.391103 0.600323
vt 0.393640 0.647038
vt 0.391447 0.604095
vt 0.365239 0.517781
vt 0.339502 0.454947
vt 0.391169 0.600155
vt 0.394998 0.653363
vt 0.387931 0.557696
vt 0.427228 0.594897
vt 0.396598 0.660076
vt 0.427224 0.557794
vt 0.427164 0.517748
vt 0.339191 0.501280
vt 0.391190 0.636903
vt 0.000500 0.874000
vt 0.115907 0.874000
vt 0.000500 0.891579
vt 0.115907 0.891579
vt 0.184449 0.874000
vt 0.184449 0.891579
vt 0.298646 0.874000
vt 0.298646 0.891579
vt 0.001318 0.916612
vt 0.115393 0.914005
vt 0.001318 0.929463
vt 0.115393 0.926856
vt 0.183935 0.914005
vt 0.183935 0.926856
vt 0.299343 0.916612
vt 0.299343 0.929463
s 1
usemtl map_north_table
f 3/1/1 5/2/2 239/3/3
f 378/4/4 231/5/5 233/6/6
f 74/7/7 77/8/8 314/9/9
f 332/10/10 197/11/11 200/12/12
f 460/13/13 203/14/14 202/15/15
f 199/16/16 198/17/17 491/18/18
f 62/19/19 195/20/20 191/21/21
f 61/22/22 58/23/23 192/24/24
f 57/25/25 192/26/24 58/27/23
f 332/28/10 200/29/12 201/30/26
f 122/31/27 479/32/28 127/33/29
f 487/34/30 490/35/31 266/36/32
f 431/37/33 265/38/34 123/39/35
f 431/37/33 299/40/36 296/41/37
f 127/42/29 479/43/28 268/44/38
f 489/45/39 297/46/40 267/47/41
f 5/48/2 6/49/42 238/50/43
f 307/51/36 473/52/44 289/53/45
f 284/54/46 471/55/47 283/56/48
f 430/57/49 473/58/44 307/59/36
f 422/60/50 471/61/47 284/62/46
f 12/63/51 238/64/43 6/65/42
f 383/66/52 106/67/53 105/68/54
f 55/69/55 53/70/56 51/71/57
f 103/72/58 102/73/59 445/74/60
f 20/75/61 22/76/62 157/77/63
f 26/78/64 320/79/65 322/80/66
f 27/81/67 320/82/65 26/83/64
f 446/84/68 97/85/69 91/86/70
f 104/87/71 149/88/72 444/89/73
f 445/90/60 102/91/59 492/92/74
f 102/93/59 104/94/71 492/95/74
f 104/87/71 444/89/73 492/96/74
f 444/97/73 445/98/60 492/99/74
f 319/100/75 27/101/67 28/102/76
f 156/103/77 82/104/78 55/69/55
f 55/69/55 143/105/79 145/106/80
f 156/103/77 55/69/55 145/106/80
f 180/107/81 176/108/82 174/109/83
f 179/110/84 481/111/36 177/112/85
f 173/113/86 175/114/87 177/115/85
f 264/116/88 313/117/89 251/118/90
f 273/119/91 312/120/92 271/121/93
f 270/122/94 311/123/95 272/124/96
f 253/125/97 308/126/98 257/127/99
f 256/128/100 309/129/101 255/130/102
f 276/131/103 310/132/104 280/133/105
f 351/134/106 424/135/61 353/136/107
f 355/137/108 360/138/54 357/139/109
f 425/140/110 356/141/111 357/139/109
f 365/142/112 493/143/113 406/144/114
f 375/145/115 463/146/116 376/147/117
f 465/148/118 464/149/119 385/150/120
f 434/151/29 375/152/115 372/153/121
f 360/138/54 355/137/108 402/154/122
f 456/155/123 493/156/113 365/157/112
f 456/155/123 365/157/112 364/158/124
f 456/155/123 364/158/124 228/159/125
f 406/160/114 493/161/113 494/162/126
f 493/163/113 456/164/123 494/165/126
f 456/155/123 405/166/127 494/167/126
f 405/168/127 406/169/114 494/170/126
f 463/171/116 458/172/128 376/173/117
f 219/174/129 478/175/130 217/176/131
f 426/177/132 459/178/133 437/179/134
f 428/180/135 340/181/136 339/182/137
f 336/183/138 366/184/139 338/185/84
f 1/186/140 2/187/141 3/1/1
f 3/1/1 2/187/141 4/188/142
f 3/1/1 4/188/142 5/2/2
f 5/2/2 4/188/142 6/189/42
f 7/190/143 8/191/144 9/192/145
f 9/192/145 8/191/144 10/193/146
f 8/191/144 11/194/147 10/193/146
f 10/193/146 11/194/147 12/195/51
f 13/196/108 14/197/148 15/198/149
f 15/198/149 14/197/148 16/199/150
f 14/197/148 17/200/111 16/199/150
f 16/199/150 17/200/111 18/201/151
f 17/200/111 19/202/110 18/201/151
f 18/201/151 19/202/110 20/203/61
f 19/202/110 21/204/152 20/203/61
f 20/203/61 21/204/152 22/205/62
f 21/204/152 23/206/153 22/205/62
f 22/205/62 23/206/153 24/207/154
f 23/206/153 25/208/155 24/207/154
f 24/207/154 25/208/155 26/83/64
f 26/83/64 25/208/155 27/81/67
f 27/81/67 25/208/155 28/209/76
f 29/210/156 30/211/157 31/212/158
f 31/212/158 30/211/157 32/213/159
f 30/211/157 33/214/160 32/213/159
f 32/213/159 33/214/160 34/215/161
f 35/216/162 36/217/163 37/218/164
f 37/218/164 36/217/163 38/219/165
f 39/220/166 40/221/167 41/222/168
f 41/222/168 40/221/167 42/223/66
f 40/224/167 43/225/169 42/226/66
f 42/226/66 43/225/169 44/227/170
f 43/225/169 45/228/171 44/227/170
f 44/227/170 45/228/171 46/229/172
f 45/228/171 47/230/173 46/229/172
f 46/229/172 47/230/173 48/231/174
f 47/230/173 49/232/175 48/231/174
f 48/231/174 49/232/175 50/233/176
f 49/232/175 51/234/57 50/233/176
f 50/233/176 51/234/57 52/235/177
f 51/234/57 53/236/56 52/235/177
f 52/235/177 53/236/56 54/237/178
f 53/236/56 55/238/55 54/237/178
f 54/237/178 55/238/55 56/239/179
f 57/240/25 58/241/23 59/242/180
f 59/242/180 58/241/23 60/243/181
f 58/241/23 61/244/22 60/243/181
f 60/243/181 61/244/22 62/245/19
f 63/246/182 64/247/183 65/248/184
f 65/248/184 64/247/183 66/249/185
f 64/250/183 67/251/186 66/252/185
f 66/252/185 67/251/186 68/253/187
f 67/251/186 69/254/188 68/253/187
f 68/253/187 69/254/188 70/255/189
f 69/254/188 35/256/162 70/255/189
f 70/255/189 35/256/162 37/257/164
f 71/258/190 72/259/191 73/260/192
f 73/260/192 72/259/191 74/7/7
f 72/259/191 75/261/193 74/7/7
f 74/7/7 75/261/193 76/262/194
f 74/7/7 76/262/194 77/8/8
f 65/263/184 78/264/195 63/265/182
f 63/265/182 78/264/195 79/266/196
f 78/264/195 80/267/197 79/266/196
f 79/266/196 80/267/197 81/268/198
f 80/267/197 38/269/165 81/268/198
f 81/268/198 38/269/165 36/270/163
f 55/238/55 82/271/78 56/239/179
f 56/239/179 82/271/78 83/272/199
f 82/271/78 84/273/200 83/272/199
f 83/272/199 84/273/200 85/274/201
f 83/272/199 85/274/201 86/275/202
f 86/275/202 85/274/201 87/276/203
f 86/275/202 87/276/203 88/277/204
f 86/275/202 88/277/204 89/278/205
f 89/278/205 88/277/204 90/279/206
f 89/278/205 90/279/206 91/280/70
f 91/280/70 90/279/206 92/281/207
f 91/280/70 92/281/207 93/282/208
f 93/282/208 92/281/207 94/283/122
f 93/282/208 94/283/122 95/284/209
f 95/284/209 94/283/122 13/196/108
f 95/284/209 13/196/108 15/198/149
f 66/285/185 68/286/187 65/287/184
f 65/287/184 68/286/187 78/288/195
f 68/286/187 70/289/189 78/288/195
f 78/288/195 70/289/189 80/290/197
f 70/289/189 37/291/164 80/290/197
f 80/290/197 37/291/164 38/292/165
f 89/293/205 91/86/70 96/294/210
f 96/294/210 91/86/70 97/85/69
f 98/295/211 99/296/212 100/297/213
f 100/297/213 99/296/212 101/298/29
f 102/299/59 103/300/58 104/87/71
f 104/87/71 103/300/58 94/301/122
f 104/87/71 94/301/122 92/302/207
f 103/300/58 105/68/54 94/301/122
f 94/301/122 105/68/54 13/303/108
f 13/303/108 105/68/54 19/304/110
f 19/304/110 105/68/54 106/67/53
f 19/304/110 106/67/53 107/305/109
f 107/305/109 108/306/214 19/304/110
f 19/304/110 108/306/214 21/307/152
f 108/306/214 109/308/215 21/307/152
f 21/307/152 109/308/215 23/309/153
f 109/308/215 110/310/83 23/309/153
f 23/309/153 110/310/83 25/311/155
f 110/310/83 109/308/215 111/312/83
f 111/312/83 109/308/215 112/313/216
f 111/312/83 112/313/216 113/314/217
f 113/314/217 112/313/216 114/315/218
f 12/316/51 11/317/147 115/318/219
f 115/318/219 11/317/147 116/319/220
f 11/317/147 8/320/144 116/319/220
f 116/319/220 8/320/144 7/321/143
f 117/322/162 118/323/163 119/324/164
f 119/324/164 118/323/163 120/325/165
f 121/326/221 122/31/27 123/327/35
f 123/327/35 122/31/27 124/328/84
f 124/328/84 122/31/27 125/329/84
f 125/329/84 122/31/27 126/330/222
f 122/31/27 127/33/29 126/330/222
f 126/330/222 127/33/29 128/331/223
f 126/330/222 128/331/223 129/332/223
f 129/332/223 130/333/223 126/330/222
f 126/330/222 130/333/223 131/334/224
f 132/335/225 1/336/140 133/337/84
f 133/337/84 1/336/140 134/338/84
f 134/338/84 1/336/140 135/339/84
f 135/339/84 1/336/140 136/340/226
f 1/336/140 3/341/1 136/340/226
f 136/340/226 3/341/1 137/342/223
f 136/340/226 137/342/223 138/343/115
f 139/344/185 140/345/184 141/346/183
f 141/346/183 140/345/184 142/347/182
f 143/105/79 144/348/227 145/106/80
f 145/106/80 144/348/227 87/349/203
f 144/348/227 146/350/228 87/349/203
f 87/349/203 146/350/228 147/351/229
f 87/349/203 147/351/229 88/352/204
f 88/352/204 147/351/229 148/353/230
f 88/352/204 148/353/230 90/354/206
f 90/354/206 148/353/230 149/88/72
f 90/354/206 149/88/72 92/302/207
f 92/302/207 149/88/72 104/87/71
f 119/355/164 150/356/189 117/357/162
f 117/357/162 150/356/189 151/358/188
f 150/356/189 152/359/187 151/358/188
f 151/358/188 152/359/187 153/360/186
f 152/359/187 139/361/185 153/360/186
f 153/360/186 139/361/185 141/362/183
f 87/363/203 85/364/201 154/365/231
f 154/365/231 85/364/201 155/366/232
f 85/364/201 84/367/200 155/366/232
f 155/366/232 84/367/200 82/368/78
f 1/336/140 132/335/225 2/369/141
f 2/369/141 132/335/225 4/370/142
f 82/371/78 156/372/77 155/373/232
f 155/373/232 156/372/77 154/374/231
f 156/372/77 145/375/80 154/374/231
f 154/374/231 145/375/80 87/376/203
f 22/76/62 24/377/154 157/77/63
f 157/77/63 24/377/154 158/378/233
f 158/378/233 24/377/154 159/379/234
f 159/379/234 24/377/154 160/380/235
f 159/379/234 160/380/235 161/381/236
f 160/380/235 24/377/154 162/382/237
f 162/382/237 24/377/154 163/383/238
f 160/380/235 162/382/237 164/384/239
f 164/384/239 162/382/237 165/385/224
f 164/384/239 165/385/224 166/386/240
f 120/387/165 167/388/197 119/389/164
f 119/389/164 167/388/197 150/390/189
f 167/388/197 168/391/195 150/390/189
f 150/390/189 168/391/195 152/392/187
f 168/391/195 140/393/184 152/392/187
f 152/392/187 140/393/184 139/394/185
f 159/395/234 169/396/241 158/397/233
f 158/397/233 169/396/241 170/398/242
f 140/399/184 168/400/195 142/401/182
f 142/401/182 168/400/195 171/402/196
f 168/400/195 167/403/197 171/402/196
f 171/402/196 167/403/197 172/404/198
f 167/403/197 120/405/165 172/404/198
f 172/404/198 120/405/165 118/406/163
f 159/407/234 161/408/236 169/409/241
f 169/409/241 161/408/236 170/410/242
f 142/411/182 171/412/196 141/413/183
f 141/413/183 171/412/196 153/414/186
f 171/412/196 172/415/198 153/414/186
f 153/414/186 172/415/198 151/416/188
f 172/415/198 118/417/163 151/416/188
f 151/416/188 118/417/163 117/418/162
f 173/419/86 174/420/83 175/421/87
f 175/421/87 174/420/83 176/422/82
f 175/421/87 176/422/82 177/112/85
f 177/112/85 176/422/82 178/423/243
f 177/112/85 178/423/243 179/110/84
f 178/424/243 176/108/82 179/425/84
f 179/425/84 176/108/82 180/107/81
f 181/426/244 182/427/245 183/428/246
f 183/428/246 182/427/245 184/429/247
f 184/429/247 182/427/245 185/430/248
f 185/430/248 182/427/245 186/431/249
f 182/427/245 187/432/250 186/431/249
f 186/431/249 187/432/250 188/433/251
f 188/433/251 187/432/250 189/434/252
f 189/434/252 187/432/250 57/25/25
f 189/434/252 57/25/25 190/435/253
f 190/435/253 57/25/25 59/436/180
f 190/435/253 59/436/180 191/21/21
f 191/21/21 59/436/180 60/437/181
f 191/21/21 60/437/181 62/19/19
f 57/25/25 187/432/250 192/26/24
f 192/26/24 187/432/250 193/438/254
f 192/26/24 193/438/254 194/439/255
f 194/439/255 193/438/254 62/19/19
f 62/19/19 193/438/254 195/20/20
f 195/20/20 193/438/254 196/440/256
f 195/20/20 196/440/256 191/21/21
f 191/21/21 196/440/256 197/441/11
f 196/440/256 198/17/17 197/441/11
f 197/441/11 198/17/17 199/16/16
f 197/441/11 199/16/16 200/29/12
f 200/29/12 199/16/16 201/30/26
f 196/440/256 202/442/15 198/17/17
f 198/17/17 202/442/15 203/443/14
f 204/444/257 205/445/258 206/446/168
f 206/446/168 205/445/258 207/447/259
f 205/445/258 208/448/172 207/447/259
f 207/447/259 208/448/172 209/449/260
f 207/447/259 209/449/260 210/450/259
f 210/450/259 209/449/260 211/451/261
f 210/450/259 211/451/261 98/452/211
f 98/452/211 211/451/261 99/453/212
f 208/448/172 212/454/174 209/449/260
f 209/449/260 212/454/174 213/455/262
f 213/455/262 212/454/174 214/456/263
f 214/456/263 212/454/174 215/457/264
f 214/456/263 215/457/264 216/458/179
f 214/456/263 216/458/179 217/176/131
f 217/176/131 216/458/179 218/459/265
f 217/176/131 218/459/265 219/174/129
f 216/458/179 220/460/266 218/459/265
f 218/459/265 220/460/266 221/461/267
f 220/460/266 222/462/268 221/461/267
f 221/461/267 222/462/268 223/463/205
f 221/461/267 223/463/205 224/464/210
f 224/464/210 223/463/205 225/465/70
f 224/464/210 225/465/70 226/466/69
f 226/466/69 225/465/70 227/467/269
f 226/466/69 227/467/269 228/159/125
f 229/468/270 230/469/271 231/5/5
f 231/5/5 230/469/271 232/470/36
f 231/5/5 232/470/36 233/6/6
f 233/6/6 232/470/36 234/471/272
f 232/470/36 230/469/271 7/472/143
f 7/472/143 230/469/271 235/473/273
f 7/472/143 235/473/273 236/474/274
f 7/472/143 236/474/274 116/475/220
f 116/475/220 236/474/274 237/476/274
f 116/475/220 237/476/274 115/477/219
f 115/477/219 237/476/274 238/50/43
f 115/477/219 238/50/43 12/478/51
f 237/476/274 239/479/3 238/50/43
f 238/50/43 239/479/3 5/48/2
f 240/480/275 241/481/274 127/482/29
f 127/482/29 241/481/274 242/483/276
f 127/482/29 242/483/276 128/484/223
f 128/484/223 242/483/276 129/485/223
f 241/481/274 243/486/274 242/483/276
f 242/483/276 243/486/274 244/487/274
f 242/483/276 244/487/274 245/488/274
f 245/488/274 246/489/274 242/483/276
f 242/483/276 246/489/274 247/490/277
f 248/491/278 249/492/279 250/493/280
f 250/493/280 249/492/279 251/118/90
f 250/493/280 251/118/90 252/494/281
f 252/494/281 251/118/90 253/125/97
f 252/494/281 253/125/97 254/495/282
f 254/495/282 253/125/97 255/130/102
f 255/130/102 253/125/97 256/128/100
f 256/128/100 253/125/97 257/127/99
f 256/128/100 257/127/99 258/496/283
f 242/483/276 259/497/284 129/485/223
f 129/485/223 259/497/284 130/498/223
f 259/497/284 260/499/285 130/498/223
f 130/498/223 260/499/285 131/500/224
f 260/499/285 261/501/286 131/500/224
f 131/500/224 261/501/286 262/502/240
f 263/503/287 264/116/88 249/492/279
f 249/492/279 264/116/88 251/118/90
f 123/504/35 265/505/34 121/506/221
f 121/506/221 265/505/34 266/507/32
f 121/506/221 266/507/32 267/508/41
f 121/506/221 267/508/41 268/44/38
f 268/44/38 267/508/41 240/509/275
f 268/44/38 240/509/275 127/42/29
f 269/510/288 270/122/94 271/121/93
f 271/121/93 270/122/94 272/124/96
f 271/121/93 272/124/96 273/119/91
f 273/119/91 272/124/96 274/511/289
f 274/511/289 272/124/96 275/512/290
f 275/512/290 272/124/96 276/131/103
f 275/512/290 276/131/103 277/513/291
f 277/513/291 276/131/103 278/514/292
f 277/513/291 278/514/292 279/515/293
f 276/131/103 280/133/105 278/514/292
f 278/514/292 280/133/105 281/516/294
f 282/517/295 262/518/240 283/56/48
f 283/56/48 262/518/240 261/519/286
f 283/56/48 261/519/286 284/54/46
f 284/54/46 261/519/286 285/520/296
f 284/54/46 285/520/296 286/521/297
f 286/521/297 285/520/296 287/522/298
f 286/521/297 287/522/298 288/523/299
f 286/521/297 288/523/299 289/53/45
f 289/53/45 288/523/299 247/524/277
f 289/53/45 247/524/277 290/525/300
f 290/525/300 247/524/277 246/526/274
f 290/525/300 246/526/274 291/527/301
f 291/527/301 246/526/274 245/528/274
f 291/527/301 245/528/274 292/529/302
f 292/529/302 245/528/274 293/530/303
f 245/528/274 244/531/274 293/530/303
f 293/530/303 244/531/274 243/532/274
f 293/530/303 243/532/274 294/533/304
f 294/533/304 243/532/274 295/534/305
f 243/532/274 241/535/274 295/534/305
f 295/534/305 241/535/274 240/536/275
f 295/534/305 240/536/275 267/47/41
f 295/534/305 267/47/41 296/537/37
f 296/537/37 267/47/41 297/46/40
f 296/537/37 297/46/40 298/538/306
f 296/537/37 299/539/36 295/534/305
f 295/534/305 299/539/36 300/540/36
f 295/534/305 300/540/36 301/541/307
f 301/541/307 300/540/36 302/542/308
f 300/540/36 303/543/36 302/542/308
f 302/542/308 303/543/36 304/544/309
f 304/544/309 303/543/36 305/545/310
f 305/545/310 303/543/36 306/546/36
f 305/545/310 306/546/36 307/51/36
f 305/545/310 307/51/36 290/525/300
f 290/525/300 307/51/36 289/53/45
f 275/547/290 277/548/291 253/549/97
f 253/549/97 277/548/291 308/550/98
f 277/548/291 279/551/293 308/550/98
f 308/550/98 279/551/293 257/552/99
f 279/551/293 278/553/292 257/552/99
f 257/552/99 278/553/292 258/554/283
f 278/553/292 281/555/294 258/554/283
f 258/554/283 281/555/294 256/556/100
f 281/555/294 280/557/105 256/556/100
f 256/556/100 280/557/105 309/558/101
f 280/557/105 310/559/104 309/558/101
f 309/558/101 310/559/104 255/560/102
f 310/559/104 276/561/103 255/560/102
f 255/560/102 276/561/103 254/562/282
f 254/562/282 276/561/103 252/563/281
f 252/563/281 276/561/103 272/564/96
f 252/563/281 272/564/96 250/565/280
f 250/565/280 272/564/96 311/566/95
f 250/565/280 311/566/95 248/567/278
f 248/567/278 311/566/95 270/568/94
f 248/567/278 270/568/94 249/569/279
f 249/569/279 270/568/94 269/570/288
f 249/569/279 269/570/288 263/571/287
f 263/571/287 269/570/288 271/572/93
f 263/571/287 271/572/93 264/573/88
f 264/573/88 271/572/93 312/574/92
f 264/573/88 312/574/92 313/575/89
f 313/575/89 312/574/92 273/576/91
f 313/575/89 273/576/91 251/577/90
f 251/577/90 273/576/91 274/578/289
f 73/579/192 74/580/7 181/581/244
f 181/581/244 74/580/7 182/582/245
f 74/580/7 314/583/9 182/582/245
f 182/582/245 314/583/9 187/584/250
f 314/583/9 31/585/158 187/584/250
f 187/584/250 31/585/158 193/586/254
f 31/585/158 32/587/159 193/586/254
f 193/586/254 32/587/159 196/588/256
f 32/587/159 34/589/161 196/588/256
f 196/588/256 34/589/161 202/590/15
f 275/591/290 253/592/97 274/593/289
f 274/593/289 253/592/97 251/594/90
f 315/595/311 316/596/312 136/597/226
f 136/597/226 316/596/312 135/598/84
f 316/596/312 232/599/36 135/598/84
f 135/598/84 232/599/36 7/600/143
f 135/598/84 7/600/143 9/601/145
f 135/598/84 9/601/145 134/602/84
f 134/602/84 9/601/145 133/603/84
f 9/601/145 10/604/146 133/603/84
f 133/603/84 10/604/146 12/63/51
f 133/603/84 12/63/51 132/605/225
f 132/605/225 12/63/51 6/65/42
f 132/605/225 6/65/42 4/606/142
f 230/469/271 229/468/270 317/607/313
f 317/607/313 229/468/270 318/608/314
f 27/609/67 319/610/75 320/611/65
f 320/611/65 319/610/75 321/612/315
f 320/611/65 321/612/315 322/613/66
f 323/614/316 324/615/317 325/616/318
f 325/616/318 324/615/317 316/617/312
f 247/618/277 326/619/319 242/620/276
f 242/620/276 326/619/319 259/621/284
f 326/619/319 327/622/320 259/621/284
f 259/621/284 327/622/320 260/623/285
f 327/622/320 328/624/321 260/623/285
f 260/623/285 328/624/321 261/625/286
f 247/626/277 288/627/299 326/628/319
f 326/628/319 288/627/299 327/629/320
f 288/627/299 287/630/298 327/629/320
f 327/629/320 287/630/298 328/631/321
f 287/630/298 285/632/296 328/631/321
f 328/631/321 285/632/296 261/633/286
f 319/634/75 28/635/76 321/636/315
f 321/636/315 28/635/76 25/311/155
f 321/636/315 25/311/155 110/310/83
f 183/637/246 184/638/247 71/639/190
f 71/639/190 184/638/247 72/640/191
f 184/638/247 185/641/248 72/640/191
f 72/640/191 185/641/248 329/642/322
f 72/640/191 329/642/322 75/643/193
f 75/643/193 329/642/322 330/644/323
f 75/643/193 330/644/323 76/645/194
f 76/645/194 330/644/323 331/646/324
f 76/645/194 331/646/324 77/647/8
f 77/647/8 331/646/324 190/648/253
f 77/647/8 190/648/253 191/649/21
f 77/647/8 191/649/21 29/650/156
f 29/650/156 191/649/21 197/11/11
f 29/650/156 197/11/11 30/651/157
f 30/651/157 197/11/11 332/10/10
f 30/651/157 332/10/10 33/652/160
f 333/653/325 334/654/326 217/176/131
f 217/176/131 334/654/326 214/456/263
f 335/655/121 336/183/138 337/656/81
f 337/656/81 336/183/138 338/185/84
f 339/657/137 340/658/136 341/659/327
f 341/659/327 340/658/136 342/660/328
f 343/661/329 344/662/36 345/663/330
f 345/663/330 344/662/36 346/664/331
f 345/663/330 346/664/331 347/665/332
f 215/457/264 348/666/177 216/458/179
f 216/458/179 348/666/177 349/667/178
f 350/668/150 351/134/106 352/669/333
f 352/669/333 351/134/106 353/136/107
f 354/670/148 355/137/108 356/141/111
f 356/141/111 355/137/108 357/139/109
f 358/671/52 359/672/334 360/138/54
f 360/138/54 359/672/334 357/139/109
f 361/673/335 362/674/336 363/675/337
f 363/675/337 362/674/336 353/136/107
f 353/136/107 362/674/336 352/669/333
f 352/669/333 362/674/336 364/158/124
f 352/669/333 364/158/124 365/157/112
f 345/676/330 347/677/332 335/678/121
f 335/678/121 347/677/332 336/679/138
f 347/677/332 346/680/331 336/679/138
f 336/679/138 346/680/331 366/681/139
f 366/681/139 346/680/331 338/682/84
f 338/682/84 346/680/331 344/683/36
f 367/684/338 368/685/222 369/686/339
f 369/686/339 368/685/222 370/687/121
f 369/686/339 370/687/121 371/688/340
f 371/688/340 370/687/121 372/689/121
f 371/688/340 372/689/121 373/690/341
f 373/690/341 372/689/121 374/691/342
f 372/689/121 375/145/115 374/691/342
f 374/691/342 375/145/115 376/147/117
f 377/692/343 378/4/4 379/693/344
f 379/693/344 378/4/4 233/6/6
f 166/694/240 114/695/218 164/696/239
f 164/696/239 114/695/218 112/697/216
f 164/696/239 112/697/216 160/698/235
f 160/698/235 112/697/216 109/699/215
f 160/698/235 109/699/215 161/700/236
f 161/700/236 109/699/215 170/701/242
f 109/699/215 108/702/214 170/701/242
f 170/701/242 108/702/214 157/703/63
f 170/701/242 157/703/63 158/704/233
f 157/703/63 108/702/214 380/705/107
f 380/705/107 108/702/214 107/706/109
f 380/705/107 107/706/109 381/707/345
f 381/707/345 107/706/109 106/708/53
f 381/707/345 106/708/53 382/709/335
f 382/709/335 106/708/53 383/710/52
f 382/709/335 383/710/52 384/711/336
f 384/711/336 383/710/52 105/712/54
f 385/150/120 386/713/79 387/714/175
f 387/714/175 386/713/79 388/715/56
f 387/714/175 388/715/56 389/716/57
f 388/715/56 386/713/79 390/717/55
f 390/717/55 386/713/79 391/718/346
f 391/718/346 386/713/79 392/719/347
f 392/719/347 386/713/79 393/720/348
f 392/719/347 393/720/348 394/721/349
f 394/721/349 395/722/229 392/719/347
f 392/719/347 395/722/229 396/723/204
f 395/722/229 397/724/230 396/723/204
f 396/723/204 397/724/230 398/725/206
f 398/725/206 397/724/230 399/726/350
f 399/726/350 397/724/230 400/727/351
f 399/726/350 400/727/351 401/728/352
f 399/726/350 401/728/352 402/154/122
f 402/154/122 401/728/352 360/138/54
f 373/690/341 403/729/353 371/688/340
f 371/688/340 403/729/353 404/730/354
f 405/731/127 227/732/269 406/144/114
f 406/144/114 227/732/269 399/733/350
f 406/144/114 399/733/350 365/142/112
f 365/142/112 399/733/350 402/734/122
f 365/142/112 402/734/122 352/735/333
f 352/735/333 402/734/122 355/736/108
f 399/733/350 227/732/269 398/737/206
f 398/737/206 227/732/269 225/738/70
f 398/737/206 225/738/70 396/739/204
f 396/739/204 225/738/70 223/740/205
f 396/739/204 223/740/205 392/741/347
f 392/741/347 223/740/205 222/742/268
f 392/741/347 222/742/268 391/743/346
f 391/743/346 222/742/268 220/744/266
f 391/743/346 220/744/266 390/745/55
f 390/745/55 220/744/266 216/746/179
f 42/747/66 44/748/170 41/749/168
f 41/749/168 44/748/170 407/750/259
f 44/748/170 46/751/172 407/750/259
f 407/750/259 46/751/172 408/752/260
f 407/750/259 408/752/260 409/753/259
f 409/753/259 408/752/260 410/754/355
f 409/753/259 410/754/355 411/755/211
f 411/755/211 410/754/355 412/756/224
f 408/752/260 46/751/172 413/757/262
f 413/757/262 46/751/172 48/758/174
f 413/757/262 48/758/174 414/759/263
f 414/759/263 48/758/174 50/760/176
f 414/759/263 50/760/176 54/761/178
f 54/761/178 50/760/176 52/762/177
f 54/761/178 56/763/179 414/759/263
f 414/759/263 56/763/179 415/764/325
f 414/759/263 415/764/325 416/765/326
f 415/764/325 56/763/179 417/766/131
f 417/766/131 56/763/179 418/767/356
f 418/767/356 56/763/179 419/768/357
f 419/768/357 56/763/179 83/769/199
f 419/768/357 83/769/199 86/770/202
f 86/770/202 89/293/205 419/768/357
f 419/768/357 89/293/205 96/294/210
f 420/771/358 368/772/222 421/773/359
f 421/773/359 368/772/222 367/774/338
f 422/775/50 282/776/295 423/777/360
f 423/777/360 282/776/295 283/778/48
f 352/735/333 355/736/108 350/779/150
f 350/779/150 355/736/108 354/780/148
f 350/779/150 354/780/148 351/781/106
f 351/781/106 354/780/148 356/782/111
f 351/781/106 356/782/111 424/783/61
f 424/783/61 356/782/111 425/784/110
f 424/783/61 425/784/110 404/785/354
f 404/785/354 425/784/110 426/786/132
f 404/785/354 426/786/132 342/787/328
f 342/787/328 426/786/132 427/788/361
f 404/785/354 342/787/328 371/789/340
f 371/789/340 342/787/328 340/790/136
f 371/789/340 340/790/136 428/791/135
f 371/789/340 428/791/135 369/792/339
f 369/792/339 428/791/135 429/793/362
f 369/792/339 429/793/362 367/794/338
f 367/794/338 429/793/362 421/795/359
f 230/796/271 317/797/313 235/798/273
f 235/798/273 317/797/313 318/799/314
f 231/800/5 378/801/4 229/802/270
f 229/802/270 378/801/4 377/803/343
f 229/802/270 377/803/343 318/804/314
f 318/804/314 377/803/343 138/805/115
f 318/804/314 138/805/115 137/806/223
f 137/806/223 3/807/1 318/804/314
f 318/804/314 3/807/1 239/808/3
f 318/804/314 239/808/3 237/809/274
f 237/809/274 236/810/274 318/804/314
f 318/804/314 236/810/274 235/811/273
f 323/812/316 325/813/318 315/814/311
f 315/814/311 325/813/318 316/815/312
f 286/816/297 430/57/49 284/817/46
f 284/817/46 430/57/49 126/818/222
f 126/818/222 430/57/49 125/819/84
f 125/819/84 430/57/49 124/820/84
f 430/57/49 307/59/36 124/820/84
f 124/820/84 307/59/36 306/821/36
f 124/820/84 306/821/36 123/39/35
f 123/39/35 306/821/36 303/822/36
f 123/39/35 303/822/36 431/37/33
f 431/37/33 303/822/36 300/823/36
f 431/37/33 300/823/36 299/40/36
f 377/824/343 379/825/344 138/826/115
f 138/826/115 379/825/344 233/827/6
f 138/826/115 233/827/6 323/828/316
f 323/828/316 233/827/6 234/829/272
f 323/828/316 234/829/272 324/830/317
f 138/826/115 323/828/316 136/831/226
f 136/831/226 323/828/316 315/832/311
f 368/833/222 420/834/358 370/835/121
f 370/835/121 420/834/358 432/836/363
f 370/835/121 432/836/363 372/153/121
f 372/153/121 432/836/363 433/837/364
f 372/153/121 433/837/364 434/151/29
f 14/838/148 13/303/108 17/839/111
f 17/839/111 13/303/108 19/304/110
f 35/840/162 69/841/188 36/842/163
f 36/842/163 69/841/188 81/843/198
f 69/841/188 67/844/186 81/843/198
f 81/843/198 67/844/186 79/845/196
f 67/844/186 64/846/183 79/845/196
f 79/845/196 64/846/183 63/847/182
f 435/848/365 434/849/29 436/850/366
f 436/850/366 434/849/29 433/851/364
f 436/850/366 433/851/364 437/179/134
f 437/179/134 433/851/364 432/852/363
f 437/179/134 432/852/363 428/180/135
f 428/180/135 432/852/363 429/853/362
f 428/180/135 339/182/137 437/179/134
f 437/179/134 339/182/137 427/854/361
f 437/179/134 427/854/361 426/177/132
f 62/855/19 61/22/22 194/856/255
f 194/856/255 61/22/22 192/24/24
f 432/852/363 420/857/358 429/853/362
f 429/853/362 420/857/358 421/858/359
f 321/859/315 110/860/83 322/861/66
f 322/861/66 110/860/83 163/862/238
f 163/862/238 110/860/83 162/863/237
f 162/863/237 110/860/83 111/864/83
f 162/863/237 111/864/83 165/865/224
f 165/865/224 111/864/83 113/866/217
f 40/867/167 39/868/166 43/869/169
f 43/869/169 39/868/166 438/870/367
f 43/869/169 438/870/367 45/871/171
f 45/871/171 438/870/367 439/872/367
f 45/871/171 439/872/367 440/873/368
f 440/873/368 439/872/367 441/874/369
f 439/872/367 442/875/213 441/874/369
f 441/874/369 442/875/213 443/876/1
f 24/377/154 26/78/64 163/383/238
f 163/383/238 26/78/64 322/80/66
f 342/877/328 427/878/361 341/879/327
f 341/879/327 427/878/361 339/880/137
f 444/881/73 149/882/72 445/74/60
f 445/74/60 149/882/72 446/883/68
f 445/74/60 446/883/68 103/72/58
f 103/72/58 446/883/68 447/884/124
f 103/72/58 447/884/124 105/712/54
f 105/712/54 447/884/124 384/711/336
f 446/883/68 149/882/72 97/885/69
f 97/885/69 149/882/72 148/886/230
f 97/885/69 148/886/230 96/887/210
f 96/887/210 148/886/230 147/888/229
f 96/887/210 147/888/229 419/889/357
f 419/889/357 147/888/229 146/890/228
f 419/889/357 146/890/228 418/891/356
f 418/891/356 146/890/228 144/892/227
f 418/891/356 144/892/227 417/893/131
f 417/893/131 144/892/227 143/894/79
f 440/873/368 448/895/370 45/871/171
f 45/871/171 448/895/370 47/896/173
f 47/896/173 448/895/370 49/897/175
f 49/897/175 448/895/370 449/898/371
f 49/897/175 449/898/371 143/105/79
f 143/105/79 449/898/371 450/899/119
f 143/105/79 450/899/119 451/900/120
f 143/105/79 55/69/55 49/897/175
f 49/897/175 55/69/55 51/71/57
f 290/901/300 291/902/301 452/903/372
f 452/903/372 291/902/301 292/904/302
f 452/903/372 292/904/302 453/905/373
f 453/905/373 292/904/302 293/906/303
f 453/905/373 293/906/303 454/907/374
f 454/907/374 293/906/303 455/908/375
f 293/906/303 294/909/304 455/908/375
f 455/908/375 294/909/304 295/910/305
f 382/911/335 384/912/336 381/913/345
f 381/913/345 384/912/336 20/75/61
f 381/913/345 20/75/61 380/914/107
f 380/914/107 20/75/61 157/77/63
f 20/75/61 384/912/336 15/915/149
f 15/915/149 384/912/336 447/916/124
f 15/915/149 447/916/124 95/917/209
f 95/917/209 447/916/124 446/84/68
f 95/917/209 446/84/68 93/918/208
f 93/918/208 446/84/68 91/86/70
f 20/75/61 15/915/149 18/919/151
f 18/919/151 15/915/149 16/920/150
f 183/921/246 71/922/190 181/923/244
f 181/923/244 71/922/190 73/924/192
f 442/925/213 411/926/211 443/927/1
f 443/927/1 411/926/211 412/928/224
f 228/159/125 227/467/269 456/155/123
f 456/155/123 227/467/269 405/166/127
f 289/929/45 457/930/376 286/816/297
f 286/816/297 457/930/376 430/57/49
f 435/931/365 436/932/366 458/933/128
f 458/933/128 436/932/366 374/934/342
f 458/933/128 374/934/342 376/935/117
f 436/932/366 437/936/134 374/934/342
f 374/934/342 437/936/134 373/937/341
f 437/936/134 459/938/133 373/937/341
f 373/937/341 459/938/133 403/939/353
f 459/938/133 357/940/109 403/939/353
f 403/939/353 357/940/109 353/941/107
f 357/940/109 359/942/334 353/941/107
f 353/941/107 359/942/334 363/943/337
f 359/942/334 358/944/52 363/943/337
f 363/943/337 358/944/52 361/945/335
f 358/944/52 360/946/54 361/945/335
f 361/945/335 360/946/54 362/947/336
f 199/948/16 460/13/13 201/949/26
f 201/949/26 460/13/13 33/950/160
f 201/949/26 33/950/160 332/951/10
f 33/950/160 460/13/13 34/952/161
f 34/952/161 460/13/13 202/15/15
f 185/953/248 186/954/249 461/955/377
f 461/955/377 186/954/249 462/956/378
f 186/954/249 188/957/251 462/956/378
f 462/956/378 188/957/251 331/958/324
f 458/959/128 463/960/116 435/961/365
f 435/961/365 463/960/116 375/962/115
f 435/961/365 375/962/115 434/963/29
f 290/964/300 452/965/372 305/966/310
f 305/966/310 452/965/372 453/967/373
f 305/966/310 453/967/373 304/968/309
f 304/968/309 453/967/373 454/969/374
f 304/968/309 454/969/374 302/970/308
f 302/970/308 454/969/374 301/971/307
f 454/969/374 455/972/375 301/971/307
f 301/971/307 455/972/375 295/973/305
f 324/974/317 234/975/272 316/596/312
f 316/596/312 234/975/272 232/599/36
f 459/178/133 426/177/132 357/139/109
f 357/139/109 426/177/132 425/140/110
f 386/976/79 385/977/120 217/978/131
f 217/978/131 385/977/120 333/979/325
f 385/977/120 464/980/119 333/979/325
f 333/979/325 464/980/119 334/981/326
f 464/980/119 465/982/118 334/981/326
f 334/981/326 465/982/118 214/983/263
f 465/982/118 466/984/370 214/983/263
f 214/983/263 466/984/370 213/985/262
f 466/984/370 467/986/368 213/985/262
f 213/985/262 467/986/368 209/987/260
f 467/986/368 468/988/379 209/987/260
f 209/987/260 468/988/379 211/989/261
f 468/988/379 101/990/29 211/989/261
f 211/989/261 101/990/29 99/991/212
f 206/992/168 469/993/166 204/994/257
f 204/994/257 469/993/166 470/995/358
f 331/996/324 188/433/251 190/435/253
f 190/435/253 188/433/251 189/434/252
f 282/997/295 422/60/50 262/998/240
f 262/998/240 422/60/50 131/999/224
f 131/999/224 422/60/50 126/1000/222
f 126/1000/222 422/60/50 284/62/46
f 283/1001/48 471/1002/47 423/1003/360
f 423/1003/360 471/1002/47 422/1004/50
f 268/1005/38 472/1006/380 121/1007/221
f 121/1007/221 472/1006/380 122/1008/27
f 185/1009/248 461/1010/377 329/1011/322
f 329/1011/322 461/1010/377 330/1012/323
f 461/1010/377 462/1013/378 330/1012/323
f 330/1012/323 462/1013/378 331/1014/324
f 430/1015/49 457/1016/376 473/52/44
f 473/52/44 457/1016/376 289/53/45
f 403/729/353 353/136/107 404/730/354
f 404/730/354 353/136/107 424/135/61
f 221/1017/267 474/1018/381 475/1019/382
f 475/1019/382 474/1018/381 476/1020/383
f 474/1018/381 477/1021/384 476/1020/383
f 476/1020/383 477/1021/384 478/1022/130
f 268/1023/38 479/1024/28 472/1025/380
f 472/1025/380 479/1024/28 122/1026/27
f 480/1027/329 173/113/86 481/1028/36
f 481/1028/36 173/113/86 177/115/85
f 101/1029/29 468/1030/379 100/1031/213
f 100/1031/213 468/1030/379 482/1032/367
f 468/1030/379 467/1033/368 482/1032/367
f 482/1032/367 467/1033/368 483/1034/171
f 482/1032/367 483/1034/171 484/1035/367
f 484/1035/367 483/1034/171 485/1036/385
f 484/1035/367 485/1036/385 469/1037/166
f 469/1037/166 485/1036/385 470/1038/358
f 483/1034/171 467/1033/368 486/1039/173
f 486/1039/173 467/1033/368 466/1040/370
f 486/1039/173 466/1040/370 387/714/175
f 387/714/175 466/1040/370 465/148/118
f 387/714/175 465/148/118 385/150/120
f 77/8/8 29/210/156 314/9/9
f 314/9/9 29/210/156 31/212/158
f 165/1041/224 113/1042/217 166/1043/240
f 166/1043/240 113/1042/217 114/1044/218
f 390/745/55 216/746/179 388/1045/56
f 388/1045/56 216/746/179 349/1046/178
f 388/1045/56 349/1046/178 389/1047/57
f 389/1047/57 349/1046/178 348/1048/177
f 389/1047/57 348/1048/177 387/1049/175
f 387/1049/175 348/1048/177 215/1050/264
f 387/1049/175 215/1050/264 486/1051/173
f 486/1051/173 215/1050/264 212/1052/174
f 486/1051/173 212/1052/174 483/1053/171
f 483/1053/171 212/1052/174 208/1054/172
f 483/1053/171 208/1054/172 485/1055/385
f 485/1055/385 208/1054/172 205/1056/258
f 485/1055/385 205/1056/258 470/995/358
f 470/995/358 205/1056/258 204/994/257
f 478/1057/130 219/1058/129 476/1059/383
f 476/1059/383 219/1058/129 475/1060/382
f 219/1058/129 218/1061/265 475/1060/382
f 475/1060/382 218/1061/265 221/1062/267
f 417/893/131 143/894/79 415/1063/325
f 415/1063/325 143/894/79 451/1064/120
f 415/1063/325 451/1064/120 416/1065/326
f 416/1065/326 451/1064/120 450/1066/119
f 416/1065/326 450/1066/119 414/1067/263
f 414/1067/263 450/1066/119 449/1068/371
f 414/1067/263 449/1068/371 413/1069/262
f 413/1069/262 449/1068/371 448/1070/370
f 413/1069/262 448/1070/370 408/1071/260
f 408/1071/260 448/1070/370 440/1072/368
f 408/1071/260 440/1072/368 410/1073/355
f 410/1073/355 440/1072/368 441/1074/369
f 410/1073/355 441/1074/369 412/928/224
f 412/928/224 441/1074/369 443/927/1
f 360/946/54 401/1075/352 362/947/336
f 362/947/336 401/1075/352 364/1076/124
f 401/1075/352 400/1077/351 364/1076/124
f 364/1076/124 400/1077/351 228/1078/125
f 400/1077/351 397/1079/230 228/1078/125
f 228/1078/125 397/1079/230 226/1080/69
f 397/1079/230 395/1081/229 226/1080/69
f 226/1080/69 395/1081/229 224/1082/210
f 395/1081/229 394/1083/349 224/1082/210
f 224/1082/210 394/1083/349 221/1084/267
f 221/1084/267 394/1083/349 474/1085/381
f 474/1085/381 394/1083/349 393/1086/348
f 474/1085/381 393/1086/348 477/1087/384
f 477/1087/384 393/1086/348 478/1088/130
f 393/1086/348 386/976/79 478/1088/130
f 478/1088/130 386/976/79 217/978/131
f 266/36/32 265/1089/34 487/34/30
f 487/34/30 265/1089/34 431/1090/33
f 487/34/30 431/1090/33 488/1091/386
f 488/1091/386 431/1090/33 296/537/37
f 488/1091/386 296/537/37 298/538/306
f 488/1091/386 298/538/306 487/34/30
f 487/34/30 298/538/306 297/46/40
f 487/34/30 297/46/40 489/45/39
f 487/34/30 489/45/39 490/35/31
f 490/35/31 489/45/39 267/47/41
f 490/35/31 267/47/41 266/36/32
f 198/17/17 203/443/14 491/18/18
f 491/18/18 203/443/14 460/1092/13
f 491/18/18 460/1092/13 199/16/16
f 497/1/387 499/2/388 526/3/389
f 535/4/390 518/5/391 520/6/392
f 499/48/388 500/49/393 525/50/394
f 506/63/395 525/64/394 500/65/393
f 495/186/396 496/187/397 497/1/387
f 497/1/387 496/187/397 498/188/398
f 497/1/387 498/188/398 499/2/388
f 499/2/388 498/188/398 500/189/393
f 501/190/399 502/191/400 503/192/401
f 503/192/401 502/191/400 504/193/402
f 502/191/400 505/194/403 504/193/402
f 504/193/402 505/194/403 506/195/395
f 506/316/395 505/317/403 507/318/404
f 507/318/404 505/317/403 508/319/405
f 505/317/403 502/320/400 508/319/405
f 508/319/405 502/320/400 501/321/399
f 509/335/406 495/336/396 510/337/223
f 510/337/223 495/336/396 511/338/223
f 511/338/223 495/336/396 512/339/223
f 512/339/223 495/336/396 513/340/407
f 495/336/396 497/341/387 513/340/407
f 513/340/407 497/341/387 514/342/274
f 513/340/407 514/342/274 515/343/408
f 495/336/396 509/335/406 496/369/397
f 496/369/397 509/335/406 498/370/398
f 516/468/409 517/469/410 518/5/391
f 518/5/391 517/469/410 519/470/84
f 518/5/391 519/470/84 520/6/392
f 520/6/392 519/470/84 521/471/66
f 519/470/84 517/469/410 501/472/399
f 501/472/399 517/469/410 522/473/411
f 501/472/399 522/473/411 523/474/36
f 501/472/399 523/474/36 508/475/405
f 508/475/405 523/474/36 524/476/36
f 508/475/405 524/476/36 507/477/404
f 507/477/404 524/476/36 525/50/394
f 507/477/404 525/50/394 506/478/395
f 524/476/36 526/479/389 525/50/394
f 525/50/394 526/479/389 499/48/388
f 527/595/412 528/596/413 513/597/407
f 513/597/407 528/596/413 512/598/223
f 528/596/413 519/599/84 512/598/223
f 512/598/223 519/599/84 501/600/399
f 512/598/223 501/600/399 503/601/401
f 512/598/223 503/601/401 511/602/223
f 511/602/223 503/601/401 510/603/223
f 503/601/401 504/604/402 510/603/223
f 510/603/223 504/604/402 506/63/395
f 510/603/223 506/63/395 509/605/406
f 509/605/406 506/63/395 500/65/393
f 509/605/406 500/65/393 498/606/398
f 517/469/410 516/468/409 529/607/414
f 529/607/414 516/468/409 530/608/415
f 531/614/416 532/615/417 533/616/418
f 533/616/418 532/615/417 528/617/413
f 534/692/419 535/4/390 536/693/420
f 536/693/420 535/4/390 520/6/392
f 517/796/410 529/797/414 522/798/411
f 522/798/411 529/797/414 530/799/415
f 518/800/391 535/801/390 516/802/409
f 516/802/409 535/801/390 534/803/419
f 516/802/409 534/803/419 530/804/415
f 530/804/415 534/803/419 515/805/408
f 530/804/415 515/805/408 514/806/274
f 514/806/274 497/807/387 530/804/415
f 530/804/415 497/807/387 526/808/389
f 530/804/415 526/808/389 524/809/36
f 524/809/36 523/810/36 530/804/415
f 530/804/415 523/810/36 522/811/411
f 531/812/416 533/813/418 527/814/412
f 527/814/412 533/813/418 528/815/413
f 534/824/419 536/825/420 515/826/408
f 515/826/408 536/825/420 520/827/392
f 515/826/408 520/827/392 531/828/416
f 531/828/416 520/827/392 521/829/66
f 531/828/416 521/829/66 532/830/417
f 515/826/408 531/828/416 513/831/407
f 513/831/407 531/828/416 527/832/412
f 532/974/417 521/975/66 528/596/413
f 528/596/413 521/975/66 519/599/84
f 539/1/387 541/2/388 568/3/389
f 577/4/390 560/5/391 562/6/392
f 541/48/388 542/49/393 567/50/394
f 548/63/395 567/64/394 542/65/393
f 537/186/396 538/187/397 539/1/387
f 539/1/387 538/187/397 540/188/398
f 539/1/387 540/188/398 541/2/388
f 541/2/388 540/188/398 542/189/393
f 543/190/399 544/191/400 545/192/401
f 545/192/401 544/191/400 546/193/402
f 544/191/400 547/194/403 546/193/402
f 546/193/402 547/194/403 548/195/395
f 548/316/395 547/317/403 549/318/404
f 549/318/404 547/317/403 550/319/405
f 547/317/403 544/320/400 550/319/405
f 550/319/405 544/320/400 543/321/399
f 551/335/406 537/336/396 552/337/223
f 552/337/223 537/336/396 553/338/223
f 553/338/223 537/336/396 554/339/421
f 554/339/421 537/336/396 555/340/407
f 537/336/396 539/341/387 555/340/407
f 555/340/407 539/341/387 556/342/274
f 555/340/407 556/342/274 557/343/408
f 537/336/396 551/335/406 538/369/397
f 538/369/397 551/335/406 540/370/398
f 558/468/409 559/469/410 560/5/391
f 560/5/391 559/469/410 561/470/84
f 560/5/391 561/470/84 562/6/392
f 562/6/392 561/470/84 563/471/66
f 561/470/84 559/469/410 543/472/399
f 543/472/399 559/469/410 564/473/411
f 543/472/399 564/473/411 565/474/36
f 543/472/399 565/474/36 550/475/405
f 550/475/405 565/474/36 566/476/36
f 550/475/405 566/476/36 549/477/404
f 549/477/404 566/476/36 567/50/394
f 549/477/404 567/50/394 548/478/395
f 566/476/36 568/479/389 567/50/394
f 567/50/394 568/479/389 541/48/388
f 569/595/412 570/596/413 555/597/407
f 555/597/407 570/596/413 554/598/421
f 570/596/413 561/599/84 554/598/421
f 554/598/421 561/599/84 543/600/399
f 554/598/421 543/600/399 545/601/401
f 554/598/421 545/601/401 553/602/223
f 553/602/223 545/601/401 552/603/223
f 545/601/401 546/604/402 552/603/223
f 552/603/223 546/604/402 548/63/395
f 552/603/223 548/63/395 551/605/406
f 551/605/406 548/63/395 542/65/393
f 551/605/406 542/65/393 540/606/398
f 559/469/410 558/468/409 571/607/414
f 571/607/414 558/468/409 572/608/415
f 573/614/416 574/615/417 575/616/418
f 575/616/418 574/615/417 570/617/413
f 576/692/419 577/4/390 578/693/420
f 578/693/420 577/4/390 562/6/392
f 559/796/410 571/797/414 564/798/411
f 564/798/411 571/797/414 572/799/415
f 560/800/391 577/801/390 558/802/409
f 558/802/409 577/801/390 576/803/419
f 558/802/409 576/803/419 572/804/415
f 572/804/415 576/803/419 557/805/408
f 572/804/415 557/805/408 556/806/274
f 556/806/274 539/807/387 572/804/415
f 572/804/415 539/807/387 568/808/389
f 572/804/415 568/808/389 566/809/36
f 566/809/36 565/810/36 572/804/415
f 572/804/415 565/810/36 564/811/411
f 573/812/416 575/813/418 569/814/412
f 569/814/412 575/813/418 570/815/413
f 576/824/419 578/825/420 557/826/408
f 557/826/408 578/825/420 562/827/392
f 557/826/408 562/827/392 573/828/416
f 573/828/416 562/827/392 563/829/66
f 573/828/416 563/829/66 574/830/417
f 557/826/408 573/828/416 555/831/407
f 555/831/407 573/828/416 569/832/412
f 574/974/417 563/975/66 570/596/413
f 570/596/413 563/975/66 561/599/84
f 586/603/121 592/604/422 590/63/423
f 590/316/423 591/317/424 589/318/425
f 591/317/424 594/320/426 588/319/427
f 580/50/428 579/479/3 597/48/429
f 595/472/430 583/473/431 582/474/86
f 599/1/432 600/187/433 598/188/434
f 606/1093/435 608/1094/436 610/1095/437
f 604/1096/168 603/1097/84 607/1098/438
f 587/605/439 596/65/440 598/606/434
f 585/602/121 593/601/441 586/603/121
f 589/477/425 580/50/428 590/478/423
f 589/477/425 581/476/86 580/50/428
f 609/1099/442 608/1094/436 606/1093/435
f 587/335/439 601/336/443 586/337/121
f 588/319/427 594/320/426 595/321/430
f 589/318/425 591/317/424 588/319/427
f 592/193/422 591/194/424 590/195/423
f 594/191/426 591/194/424 592/193/422
f 593/192/441 594/191/426 592/193/422
f 597/2/429 598/188/434 596/189/440
f 601/186/443 600/187/433 599/1/432
f 590/63/423 580/64/428 596/65/440
f 599/1/432 598/188/434 597/2/429
f 588/475/427 582/474/86 581/476/86
f 581/476/86 579/479/3 580/50/428
f 597/48/429 596/49/440 580/50/428
f 600/369/433 587/335/439 598/370/434
f 601/336/443 587/335/439 600/369/433
f 599/1/432 597/2/429 579/3/3
f 595/472/430 608/1100/436 583/473/431
f 595/472/430 582/474/86 588/475/427
f 587/605/439 590/63/423 596/65/440
f 586/603/121 590/63/423 587/605/439
f 606/1101/435 605/1102/84 604/1096/168
f 601/336/443 599/341/432 609/1103/442 606/1101/435
f 586/337/121 601/336/443 585/338/121
f 585/338/121 601/336/443 604/1096/168 607/1098/438
f 595/190/430 594/191/426 593/192/441
f 593/601/441 592/604/422 586/603/121
f 609/1099/442 583/1104/431 608/1094/436
f 588/475/427 581/476/86 589/477/425
f 606/1101/435 610/1105/437 605/1102/84
f 584/806/444 599/807/432 602/804/445
f 602/804/445 599/807/432 579/808/3
f 602/804/445 579/808/3 581/809/86
f 581/809/86 582/810/86 602/804/445
f 602/804/445 582/810/86 583/811/431
f 609/1099/442 602/1106/445 583/1104/431
f 604/1096/168 605/1102/84 603/1097/84
f 584/342/444 609/1103/442 599/341/432
f 609/1099/442 584/1107/444 602/1106/445
f 605/1102/84 610/1105/437 595/600/430
f 603/1097/84 605/1102/84 595/600/430 593/601/441
f 610/1108/437 608/1100/436 595/472/430
f 607/1109/438 603/1097/84 593/601/441 585/602/121
f 606/1101/435 604/1096/168 601/336/443
f 618/603/121 624/604/422 622/63/423
f 622/316/423 623/317/424 621/318/425
f 623/317/424 626/320/446 620/319/427
f 612/50/428 611/479/3 629/48/429
f 627/472/430 615/473/431 614/474/86
f 631/1/432 632/187/433 630/188/447
f 638/1093/435 640/1094/436 642/1095/437
f 636/1096/168 635/1097/84 639/1098/222
f 619/605/439 628/65/440 630/606/447
f 617/602/121 625/601/441 618/603/121
f 621/477/425 612/50/428 622/478/423
f 621/477/425 613/476/86 612/50/428
f 641/1099/442 640/1094/436 638/1093/435
f 619/335/439 633/336/443 618/337/121
f 620/319/427 626/320/446 627/321/430
f 621/318/425 623/317/424 620/319/427
f 624/193/422 623/194/424 622/195/423
f 626/191/446 623/194/424 624/193/422
f 625/192/441 626/191/446 624/193/422
f 629/2/429 630/188/447 628/189/440
f 633/186/443 632/187/433 631/1/432
f 622/63/423 612/64/428 628/65/440
f 631/1/432 630/188/447 629/2/429
f 620/475/427 614/474/86 613/476/86
f 613/476/86 611/479/3 612/50/428
f 629/48/429 628/49/440 612/50/428
f 632/369/433 619/335/439 630/370/447
f 633/336/443 619/335/439 632/369/433
f 631/1/432 629/2/429 611/3/3
f 627/472/430 640/1100/436 615/473/431
f 627/472/430 614/474/86 620/475/427
f 619/605/439 622/63/423 628/65/440
f 618/603/121 622/63/423 619/605/439
f 638/1101/435 637/1102/84 636/1096/168
f 633/336/443 631/341/432 641/1103/442 638/1101/435
f 618/337/121 633/336/443 617/338/121
f 617/338/121 633/336/443 636/1096/168 639/1098/222
f 627/190/430 626/191/446 625/192/441
f 625/601/441 624/604/422 618/603/121
f 641/1099/442 615/1104/431 640/1094/436
f 620/475/427 613/476/86 621/477/425
f 638/1101/435 642/1105/437 637/1102/84
f 616/806/444 631/807/432 634/804/445
f 634/804/445 631/807/432 611/808/3
f 634/804/445 611/808/3 613/809/86
f 613/809/86 614/810/86 634/804/445
f 634/804/445 614/810/86 615/811/431
f 641/1099/442 634/1106/445 615/1104/431
f 636/1096/168 637/1102/84 635/1097/84
f 616/342/444 641/1103/442 631/341/432
f 641/1099/442 616/1107/444 634/1106/445
f 637/1102/84 642/1105/437 627/600/430
f 635/1097/84 637/1102/84 627/600/430 625/601/441
f 642/1108/437 640/1100/436 627/472/430
f 639/1109/222 635/1097/84 625/601/441 617/602/121
f 638/1101/435 636/1096/168 633/336/443
f 643/216/448 644/217/449 645/218/450
f 645/218/450 644/217/449 646/219/451
f 647/246/452 648/247/453 649/248/454
f 649/248/454 648/247/453 650/249/455
f 648/250/453 651/251/456 650/252/455
f 650/252/455 651/251/456 652/253/457
f 651/251/456 653/254/458 652/253/457
f 652/253/457 653/254/458 654/255/459
f 653/254/458 643/256/448 654/255/459
f 654/255/459 643/256/448 645/257/450
f 649/1110/454 655/1111/460 647/1112/452
f 647/1112/452 655/1111/460 656/1113/461
f 655/1111/460 657/1114/462 656/1113/461
f 656/1113/461 657/1114/462 658/1115/463
f 657/1114/462 646/1116/451 658/1115/463
f 658/1115/463 646/1116/451 644/1117/449
f 650/285/455 652/286/457 649/287/454
f 649/287/454 652/286/457 655/288/460
f 652/286/457 654/289/459 655/288/460
f 655/288/460 654/289/459 657/290/462
f 654/289/459 645/291/450 657/290/462
f 657/290/462 645/291/450 646/292/451
f 643/1118/448 653/1119/458 644/1120/449
f 644/1120/449 653/1119/458 658/1121/463
f 653/1119/458 651/1122/456 658/1121/463
f 658/1121/463 651/1122/456 656/1123/461
f 651/1122/456 648/1124/453 656/1123/461
f 656/1123/461 648/1124/453 647/1125/452
